key,volume,num_txs
0xE743a49F04F2f77eB2D3b753aE3AD599dE8CEA84,100003,237
sei17c693mpg3hxnun3s235q5ur7gtptmcprzz7qq7,0,125
0x74a965b984d4Ad33729A1E096DAB023dd5032277,0,86
0x018ce2185a16F5Ce0C1f5eBa2B7739E5F49ca717,0,69
0x5815DB4518902973aAC8b91D64b60EB2190FdCeF,0,60
sei16zfzwxmyegd9vjfp4z4xdaxj8uv7h6u8yufu6s,0,55
sei1c95984pds84l09d9z6v8g77l96hslr0fqchvwn,0,47
0x69460570c93f9DE5E2edbC3052bf10125f0Ca22d,23863,42
axelar1w99d6y2c4v272ntg7lyr8c23a406q8rhmyc45g,0,29
sei1w99d6y2c4v272ntg7lyr8c23a406q8rhjxlteg,0,26
0x451e39C3421811D72F02c61a9bdd4E93a7fEBbDC,0,21
axelar1vjnmujulqy7pghld8wmf4k76kp8sx8q4ktfrx6,741350,20
osmo19yf7534sh6f6y949axqzgjq0fzg7fec98yls9g,201,19
0xF30aA4F9AdEcb8bB209F764D300CbF78341d5e55,0,18
0xb16Ad1a21185823c780D0a69B777DbdcB9aB87d1,234437,17
umee175rkfyxgr3dra0a639a7elcqdcvt4xg2v44a3r,70398,16
0x69a5DD596f448A65fBD8b5aeB345CA53ea20bc71,14199,15
osmo175rkfyxgr3dra0a639a7elcqdcvt4xg2kcmjrr,80664,15
0xCe6807E114De0B3E789Ae8914Ff428b03d0127C6,10600,14
osmo16ylcjqaz9xsnmt7mlw2uh2lsum4etn7zmxvm4p,497,13
0xDB1851a772aF91162Cd33512bE5F09B744420833,6036,10
sei1h4qhm5lc6yhy9yzwyvqkju2hdqxt8cvnwntr5g,0,10
0xcC82Fa267B70038FeE4824FaAA50D6029C216D24,2260,9
0x6dF7794cF76FaA1831A00e8a812a1Cd0e65082b1,1031,7
0x916B1f14Ee6d1b5a948e50A575873865c965aa12,0,7
0x98bA19c8fd262709838AA4B5Bc7862857C35dD85,18366,7
secret1cnlray30lrj8yz7d8sy86sxms73h6l6j6fwdnv,97241,7
secret1s7054dtzcsf7vjv5yh8d65d7tdppa0pf69f7p0,2622,7
umee1kfsg0a85zx6c9ypntfqg2uwgtj0q42wjxwlmx6,3447,7
0x1affD761D7B741236B059FB03b33352d23DC2B47,11818,6
0x4c439c2A4C0b3bEB11bF7279BCdAaC07A70fB995,29263,6
0x89E66c8077cb37378d5145ce0dF16D908Bc0Ad35,1469,6
0xf8705bA9C69EA9955DF3433F4C045183D8E29ff5,145057,6
axelar17k8pf77rnn842spzsd2wrw8v5qrd6360gh29lg,2680,6
axelar1j968flekxl0cjk6y3efrqt3v84xujnavv6lwka,213389,6
kujira1rw4npeyfhak5h0yr9ud9r682xs48w2hcp00t0g,11008,6
osmo13ns9dp22c39gya66k3ejc4lgvux03kgjkdvs2l,231,6
osmo1dqr7ltnmpqaa8fzz8nsjevuyas3t8ws3lc58y7,462,6
osmo1gayj3vhg0tud5z4rpujr2lwvglkqzgzhpd9kuu,76948,6
osmo1kfsg0a85zx6c9ypntfqg2uwgtj0q42wjur3556,1361,6
umee1njz97rhsehp5zzqnek2meqy6eyawqtf3d4knjw,193315,6
0x8CF877e91118Ab50Ff00dE1e6E6A566c9C2B8228,95822,5
0xFcaB49E2A7421767D4cf485b452555f998ED4CA2,428,5
axelar12zhpu5c7g2myz03kkwdj28eu7yv0fel8x0v2ng,86836,5
axelar1lfnd6hge0c6udzr25fykhm654fj4hep0yw6xa3,8151,5
kujira1p2udsrlvfx0lkz9sa79s42swwagk0864cgfg7c,266,5
osmo108t6djm7mvuxwgtm8hrk7vzumue506tvr7003u,673,5
osmo10vv8ddknjfy3muhvdx4uad4tfpasgzmmru470e,37430,5
osmo120r3lwjh2fn0hu80e0gw5fc0tsk6ce3auvc42p,79149,5
osmo1fe4fknhcc4gx95nwzaymrudygc5y0t7qtgqldc,1994,5
secret18dnawhkwzavdwp8jp6ayf3z6pn7tdjwqum6wpz,478,5
secret1se6v0yn7z535sq43rvuf082syj540yqd76pxs2,24319,5
0x02Ae4716B9D5d48Db1445814b0eDE39f5c28264B,5648,4
0x09cB1ffCadd2A642D1b5889803e20779aF3587d6,1047,4
0x2713B4Bd0D791E4bB40bB73b8bBc2f5C6071fDb8,377,4
0x6cf9667fe165f6C0E70eA408A42B8a7d6EE89C40,894,4
0x73f9EfAf5E30179e2915c5EF6F790A6A7E8A9794,114923,4
0x75584C64299aE9336c3a8354471fF1eCD6C806a9,4787,4
0x7Ada5FF1db8F3662E945B97d8B678F5eACBB3a06,2904,4
0x88Da00162f5c55a9ddAfbD30f67e499Ea98Da47d,461307,4
0x9A5D7098b855550c0BB4f987d9cCE9A4917AF40d,1349,4
0x9d54ea391F9366aF5685Ad555d0851883e649970,12673,4
0xDC42a3f3709d2f0D288c9758e6d8cF3AA279f012,1031,4
0xa469c150AB907F1F6d09B1Ce830e2f65ECE2DE7b,1363,4
0xeAeb24fadc977841F29d7dAa7d80644785aDA634,864,4
0xFb55985878Edea42d3E7AaCC9Da25b83ef2C13F3,1283,4
0xFD9f8339EaC86898Cb6fB8b5D89C5497Dc88D9C2,25090,4
axelar1dxy44f6c24l73z5uquaql65dt80unq5fkh4slv,432,4
axelar1fem3fzutaphy97yygjdgm39xskhemdzl0y828w,320,4
ki1c0z47y2z8k9mvsvkdpwasgktmc6hqk45g70a76,202,4
kujira18sd2ujv24ual9c9pshtxys6j8knh6xae0kn02n,0,4
kujira19dq448afvp9twqyd4mkq6p58ejvxt9wj05lcld,3382,4
kujira1u7ny2099vx5fvhfna760jf2vpee84acxk2l6vp,155,4
osmo1cfqu070jzduxcu7g20xtgmzfmkp87x3lsrstv6,9086,4
osmo1gf6zfvjpcn0ag0ngxgd8ee7fulzg425qpkm5y5,1982,4
osmo1hrzjpysdeeqahrzh3zy3gc68na5fl7q4m9e8he,905,4
osmo1kedj9lyall2pcfd2ndduw4lxqr788ppyexj5wa,1046,4
osmo1ppnq7cmrhy7g52w3th0qpzsrda4n264tmpas7j,20,4
osmo1u5266h7r72qzl0l6tu6v80gxv8nuqrjrk3lf7n,29,4
osmo1uknjslwqry5rs806d5uaa78fgfhxey03mts73l,14488,4
rebus1azky7jmaj2rt0et7ha79495tpnt3hdryahyc5k,243,4
secret1mslgzznugzgfd3hmnlk78hsnt85lqhfvy7923m,1341,4
secret1qj5v553tt8hkh3nprp28utdcpkmp6fkaj3rmjq,10400,4
sei1n34s7k68dq0g3jp04692m4awekd9krse92gzw8,0,4
sei1tmtpfl965s0mscqhgyfzxu02x28wym0lckrcdu,0,4
0x1Af23216469EA6201Bd73E04c089B1251caf3Ef6,0,3
0x25681Ab599B4E2CEea31F8B498052c53FC2D74db,3541,3
0x25a8547DE28f6474b044533f8840d28772147139,7962,3
0x46060Ef57bA216B7B92Eb7f9d1a925003Df8254E,117801,3
0x517F4182F5C9121cD166CeA35674B24aacC75c1F,22,3
0x6b7fc02bDdc7aD1b0728A22F3b4462F931bc8EfA,1824,3
0x82F0884654E0e478e0393c2940fb05A22fb7d27c,2921,3
0xaB6A8cd92c41a357A253e53c12AD376169804306,28,3
0xB1E037aA54e1F3bc096E1c09791Ac27Fe388aBa8,303024,3
0xB38e8c17e38363aF6EbdCb3dAE12e0243582891D,3649,3
axelar13nzmmp4dz0xxg0d7tfkt6nflj7aacvmuvg9pf2,312,3
axelar13v7q5unkpd8lmtwmu5s470ekykv6sry343hvk7,4049,3
axelar19t2ux6g4zpqutl5uapj92lxqkk7klstj2pcek4,63469,3
axelar1a082t7jkl8fzhqvm0vgcy5rtq7hfqkrdnwh8s7,37806,3
axelar1haxe7p6nlhzpxq6qm2n5ryuqdm5pj9n3hdypz4,3,3
axelar1ppnq7cmrhy7g52w3th0qpzsrda4n264th5cgrp,5,3
axelar1up0w59tkjv02c5tlde9wa03ep362stre00f3g6,111336,3
c4e15f8tkyvxyle28nhet04lgtja7kg7803g5xd4nu,1206,3
ki1rng585ex024csm3mqwrpug4lk0elfvxu8l33vw,1877,3
kujira1dtf25en9x34mkln3ruecs2n4ruwwc9a45jme0a,84,3
kujira1qv6ztjjyhdec59sqkad65n89959tzgkt3xhrph,9420,3
kujira1w99d6y2c4v272ntg7lyr8c23a406q8rhwzv9jr,764,3
osmo12kslnszt8lazxturdt8qzxpmz7d7agmn8krz5n,499,3
osmo12sczd7vmheqat355txqducgm6fk86ye4eel33f,122306,3
osmo17c693mpg3hxnun3s235q5ur7gtptmcpr84uxsd,0,3
osmo1d0w5dt9hxmlps42nn350umgtyu7gh67rtp8m3j,64,3
osmo1gksjy3g22w50k2q4mvwfp6pmlyr2j9eflsvx2m,4291,3
osmo1haxe7p6nlhzpxq6qm2n5ryuqdm5pj9n3mcpelx,47,3
osmo1hngaa78wway50a055sgj3wf3yvme2sxguvjeq8,150,3
osmo1njdjxy68ewsuceq24m26jlhex5rgx7s4kzaw65,89,3
osmo1q49late3v0yqhxvlfpp29p7mf7pfh7vu0remus,223,3
osmo1q5fcf3074y8rvcaz5ptfexptxuvu9sv9q3gxxd,4192,3
osmo1svqnpu3twqqz7mzjnxwx6fkgyyl8rzzqns6q4t,143,3
osmo1t8e8h0tfh2xrwsdhcf942cdm9yutjzvcgka7tj,1031459,3
osmo1z3w54j60gl8nynhjmz4ayr6qvv0wzlpawuyauv,107,3
secret1k5xgkrxhl4aqc07hwndr6l65uxenm6plh897vj,4453,3
secret1m473ayjxz7n33dclefavdvvyvmmdk8zzwxtude,117215,3
secret1p3f40gmntgasvwgwaennsrr2zy9zp8qg007cvs,8992,3
sei169hjf77ygsqef0ks2mnaa8u6k0t26f5ex469xj,0,3
sei17m6wmurxlqa3sn93rujvn9y0n9u8y6wudes8xn,0,3
sei1h3rp52vzf5xsncqn8cr7mzuz6jff3xl8krx57k,0,3
sei1rd2clxkgj4gnx09t7z086csp6rxtreex3g95m9,0,3
sei1vet0y7zcs9jg43xvdy9jn0zvyrpdeq2yjy6ehy,0,3
umee10xnqv49h7hh0gfspl7pq6w5nfqtkvj4ru0ekd9,500,3
0x05dDC942967F93c61EA8E9e27FE6A97B06F93857,5494,2
0x094E3800aa5AC7F6b2e04F747AB744B1B75107EA,1303,2
0x1acA19D8Bdb35789279d2109A8Dc29a492E4B3F1,796,2
0x1C727a55eA3c11B0ab7D3a361Fe0F3C47cE6de5d,1383,2
0x249bCdeB1E9AA26b4d2daB71FDC0644F23e84598,0,2
0x2CD689A94a5bCd2EBA25E4b9F47088af70562A3B,2027,2
0x309B83B90dDCD6Ab13982ebE83dfA9D1a2C5988E,38081,2
0x32dcfbFfE4180b62c69EC302Cc064A08a2Ea9aDA,66295,2
0x3931dAb967C3E2dbb492FE12460a66d0fe4cC857,2490,2
0x49aCdc2FBd3473DA4963F58B58408ffcde7B8EE4,5481,2
0x49c9cB980c993f8Fa5339d91606fd605d33686Dc,2642,2
0x4bBE1e27b75eC45210A9C3dCDAc00960d1f5Db3a,235,2
0x5ADEFa6B4c1e343C82C9f2C683918101873FBA78,505,2
0x6432281559f3C3ffB28D43fB0E6a00ccAf24847B,123,2
0x6945c4618339b970901A7Efb8f476224602cCE4a,4471,2
0x6C069dF48A46e8E750c50175243a746b47b541d8,33096,2
0x6da6BD71351a63EB1E5b075d634e2010d4Be563D,1248,2
0x71b0Ac2dcAb920f48012b6b63D07504Be150340B,11043,2
0x7326E65556775614fc19479051665566bf33068c,5007,2
0x796E842f95Ec871c87904B0f6a260380BDaab9de,0,2
0x820700d2aCb93732A43eD1D3687e838bb68B29c5,3979,2
0x888e0847F5EbBadE5F15c01767776B984D25471D,88561,2
0x90204A853450F35b6F9533E002187fFF45F606eF,207,2
0x9048b9135bF2c0119154f8C007b1a51566106137,13473,2
0x9E8580C9E57F350009d8FEcD096386216a5c73Fb,19790,2
0xBE5B39EDA332656F78a5F627a9EED24Ac37A0c0F,17056,2
0xBe9298cB2B6A5f176D71E0B1b45F4b072809cc0C,19,2
0xa296e8bBD5A34BB14b7689Aa6ee2D01857b069E8,7730,2
0xa48710C75574DDD649AD95c9F9D0298551323096,84,2
0xA57ADCE1d2fE72949E4308867D894CD7E7DE0ef2,0,2
0xD36737213e6cB7e9C9c5C6B60BA422094DCC01da,9262,2
0xd43324eB6f31F86e361B48185797b339242f95f4,8742,2
0xDEb3994785Bfc8863e808df0E0C43C9C0058d7c9,620,2
0xed683d158bB6B3dFbD6264fF66a282742b3B99c7,8898,2
0xf6092D3f5F744048D83Ac9fE5D8b28E28Cac4593,748,2
0xfB41f6ef93417c1d888B6D4F1027456718c89b8b,0,2
0xfe4e5610751C4944E5D8Badc1E82b26d76a2495c,5022,2
axelar109ufw5kfq0c58y3ghvdrpcqjl09s6yjx7k93ap,73,2
axelar10y3xt4zjx8348f76zdu98jknv69xwz6qk0gylf,1018,2
axelar148z0dszy0yc0pztpqumv7eqn280jd7yyznwuz0,642,2
axelar14emwsqy7a0wnaews36vnryskfkw2jydm6s9cz9,363,2
axelar180fxmw485fggv0yety79dhg4kn74gxet8mr0r2,192,2
axelar192wtay852g79vdhu05v3z9zcg0m20tqpnrw6dw,49861,2
axelar1au5ur4l60wg2jzgwkqhvuh8uakx8uqwvj4jdwt,20993,2
axelar1hj2hl0peualurlkp3cx85yk38sv6v68a7jhp04,129,2
axelar1hkdp3w7dgednsrluq82wnwuuz7a5r5upfzqud8,82941,2
axelar1hrr0j5klu7wgpm9dlahqdfk8nrs2453yykf54j,228,2
axelar1jkdrxkcmddrt8p8z4svt3juadlvrz7gn4m0r4u,52160,2
axelar1kdv9vs4femk08pexw9ar5evkgrnrc546g9y2v7,7995,2
axelar1n773hj4w25m2t2y5j3e7rradpqedrgghdt2z2x,403,2
axelar1nj8zdetrf6g5zwzf3yncepvqtdhv40mdu9q9nh,80814,2
axelar1pk3lswrmlqmg094csnl2xyh5eeezq843j2kdd8,14,2
axelar1plm9fqrrqachtuh9ghq9cr6teykdns0gh00tpu,24954,2
axelar1puznfwl9npp29as29y8fspfzmydg0k3fg73a5y,15,2
axelar1rz8r2phn83kwarqukh9ex69cdtvkpf8s765skj,1657,2
axelar1udv34juaeummwat3gzsa6tapun994j2na7mkms,4463,2
axelar1upevflvs0yng3fxsk973pq94fzxrnnd55994qn,401096,2
axelar1ww9jka770xzvfhx8rhr9hp3hylmepfmuklrlma,2361,2
axelar1ytcfmu9uqzh7lqz9zmu7cvjgcreuecjnpcp538,259,2
axelar1ywjl9xwdnrqt97084hg5zgrrwudkuguskcllpx,735,2
axelar1z66vg7mwk4juez22xajqngrjxfmupjpdtmkxkf,40,2
axelar1zmk6sh6ahvg6wt0ckqvdxuszm77jdpk6flehzg,4534,2
cosmos1attsudgejar6mnzyyew6f5tpkrzc3pzh9lwcjx,109,2
haqq152xcf4cmgu9w7mckddss5cqp33l2qgulpkuxju,7225,2
ki1me5aqpsxufgfse4hrg4ufwgrtn0akvthe0p6jj,510,2
kujira100ywfax95u9c6mndxzuqkq2fdkv7f6pqzrzldp,3227,2
kujira132dyar6jx5tuuk004walt6sdkclcmk7jdd88q0,911,2
kujira132gk86f2p7202eetasfjnqx077t3nx8gw930wp,18,2
kujira13d6ekcu699h2v75lpkkq7ml4fu5ucc7t069c94,2840,2
kujira157nmvq2tnk0km2xdkvxfmeaqjm2pqdvgmw6vs0,431,2
kujira177mjwsvv9hsf6eg2xh400py8w8px54fxhjs3a2,38,2
kujira18mfhq259py96qlssfjpwps07ksmv5rxcdfusnw,401,2
kujira19ltl6597kz7ke6kjm424ny3tcpvuqmrtmt3ajz,368,2
kujira1d38expxdq729py84p3vrqhhm9wdu8cujkrpwen,73,2
kujira1d6ytk5nmc64r6p3mjfdqg9g5rlm5ca3mtrlafx,3461,2
kujira1jeetu7yldhu4nhrj4zhzgapt9x0q8dmvnad2hq,11,2
kujira1jnzagarxxrwwxzqtdfctqymnhhff8j9plzqtt5,1990,2
kujira1jt0qcz2y9p58cpse4etjms804qdl3gunq5tpqv,5484,2
kujira1lyw7vvetwjm634e40hqctrrgu5dzrgry3jqkyh,2775,2
kujira1nhcetfcppk5psk6l7svkxkgvrjjfnq8m6yc4gy,21120,2
kujira1t0gyq3tzpqf06xvx24a43w9y5wv7jzv6exa3t7,363,2
kujira1t5zgnfz0jrvflywjmgs95rey3un57n42g0v2ed,4087,2
kujira1vx8r9v4g4ggravl8hyqdxwsexul0hre3rrglu7,50,2
kujira1z7ef74xjgut6lnj5s7ehchwdpvycv2nccutcpv,115,2
kujira1zqlq0slcear0rggnvcgsxpv99mtlyck8zwkka2,1041,2
osmo1044qatzg4a0wm63jchrfdnn2u8nwdgxxt6e524,11498,2
osmo10xlxspduqydcuaks5darsfrwwv57a8xzag23jv,8,2
osmo125ngy2c48glpklcnx706ejwxgyhe5f98k98qdk,5628,2
osmo129rvtv5tmpp52ged67c8lmcqxlzh9lnvpl57j2,3269,2
osmo12afx74mey05dpllkxsaqexhyeljstnuvsaug5y,2641,2
osmo135wvedh4tp0trj0etkm5ktyya9e76n6sk34m0t,47,2
osmo13t7hs7lkuelruv8fstxx6k6dw9h6ykxa2t6ykk,838,2
osmo16emm9u6n00ks8qnqn7xfx4a850jnmzpaa8fc3f,350,2
osmo16gmdh2x3ny857q7ttzrzfprdxnm5sh8zlgkxva,17607,2
osmo19hq7nqya09qa2s479u935jjzj0nr56fgjxz037,2638,2
osmo1a8369ys9q4w6tcx2qll2rrjk4ljkht2aqaxytv,21,2
osmo1d9j83ll3e0jh5w8kycjcmzcm2wdy0mr3ql0sgd,483,2
osmo1f2jwqr79vckrakxqr34flfck0q3vh5gs462var,256824,2
osmo1fx5gpm795cu9wplf309vrrea0r2fxt94wrg4fm,404,2
osmo1g884e0hj233lx7k9vpg7fslv862jhvuv6ynl66,2947,2
osmo1gngr6v78hu82j58mekljel9eg8697wn8chdqnw,1396,2
osmo1h8dtnrpmrvr8j9l7xy8preatxs7rkpwc4v9j3h,3726,2
osmo1jyl4w7av5y9fpdnf3aa7jdyq9c94z0n6q7ghkx,70,2
osmo1l5aux3svde97vlh7j05hlc5xcr7sh98jhmz45u,7481,2
osmo1srhdmxzq8c6qqep9y4pathlqldc6u8d8jezdx3,119,2
osmo1tls8mzqwyxhvlwf0eu8ynse6lup28usyean5s0,122,2
osmo1unf2rcytjxfpz8x8ar63h4qeftadptg5t0nqcl,1,2
osmo1vmh3mdsgvk5anml7y9y6ctaunpr7g5lhjymq0m,537,2
osmo1wrk0dtqrz4vkvt8re8e6g4uu38pcyqr9xtxqsd,5122,2
osmo1z7ekmpnlcw3krdca596tfy8qvyfcatpvfhn3vx,8,2
rebus1mx5fpct4l2andeg7j5gsamepy2ypum4kdxnjx5,76,2
secret10h9zz8h3ydm5rmnsgt6kj8un6j37py8yl05fde,11020,2
secret156e29ut7hfw4ys5vaq4698spph0tqh4ylm05me,13622,2
secret196nz5w3fdt0zjwcgjvh4e2ya6hcdnecur6c0d3,14514,2
secret1h2uywqrpg3etrat5a238f3r4y0mflqqnr0p4e8,1350,2
secret1htnehvj377uh2n2xtm0fc03yvalavxhl2xlh7k,38179,2
secret1hwk5p5v0uqvsk8rq5707xku3enkfvq3rd8w7kk,572,2
secret1j8t0helyz4exz7grvq2a400zdh3dmxhg6c5cru,3998,2
secret1jy02xt58ramckz456as3zu3ejnkgrqvz9803ne,2208,2
secret1lv98qd8rugw2c9etvt06l4nehk2twyug366quj,7625,2
secret1rc645nn4afzk9ls4hacwcka7g8ehuc7w56wx8s,2971,2
secret1ulst49l0536ksy63kumr7r6hx3j78nu0d4t7sn,5058,2
secret1w5f207u09w00q0ujcup7nw707rcq7yqmgehqcv,33209,2
secret1wuz2jpqzrtcerjqa5rtc3u5f4kahtfd0yt0pta,150,2
secret1zzf0rwxh0hamnh920sgtdqy6tq8kv2tk6758yf,421,2
sei10d8c7wcqw4ztkue43nv7rkssm3j3q83sx35dxs,0,2
sei10hz49vkqzgmycefyk3afc76rxc3wv07rfnt6q3,0,2
sei10sth4jkqqrpwl000s7yagsax5pz5sp6epu6y9r,0,2
sei147ndpq0rmp0peh3jlym8fgmxseekvhzee6faup,0,2
sei15cskgj77695eg5kpctkfevkemzujlvq7u4759c,0,2
sei16u03um7w2yavcjfzth7jtg8wngmhpuvmxm6wlw,0,2
sei17vf6q6f7cdav9x9pa57pz4ry7a3rfd44wsa6my,0,2
sei17x9gnt8mws3xgr6esvp6gsh3k7tk3spnekekt7,0,2
sei1achkjp6ta6lj60990flvzfhmeatpfer57pd7z8,0,2
sei1cck5xl50j9nx890hmxkztwt0vdgdprvl775k3r,0,2
sei1chcfp9rejx6zggxq67xsn7kdn5dcx835q3vcpz,0,2
sei1hpk3up4zkmkwn38pk6dx79dy4jpt568g9k7fh2,0,2
sei1jp54rg762cc0tuzwe8sxwawwerjpd8epxhcllu,0,2
sei1md9pnj7224dsxw2lh6kssnvel00nxn8lk7kwu6,0,2
sei1n9qqd4cgq223pepe9mtem62ylqzdurjw932yt0,0,2
sei1njrpjmemzq2km8j5z997t9n4w5jhsu7peww67n,0,2
sei1qc4ahxywjv9mfg2h39ccahetx8ea74reydcya2,0,2
sei1ra736pqna9u64u6m49qgw9ar5hvlqjny6y760l,0,2
sei1rcqyq0scsq5slk3xyaxlvsyu7jw848s74k2ylx,1039,2
sei1sjjjm0mncu90fetv4m5gzdeymjn4dvkhuzxm69,0,2
sei1vhktlnkpk99mqkt2vuqzg92vlcxwucfgs324z7,0,2
sei1w2gq5z9uu5zam0ugs8wl4hlpm7ktnn6tr9qqek,0,2
sei1ymrl5v96yftldxmtu2arweupp33k0j56shnpmr,0,2
stars1lttjtqh26d9dhy2v2kc74zdpd7yl2xtal28efc,539,2
umee1uknjslwqry5rs806d5uaa78fgfhxey03px73rl,3752,2
xpla1u0zw2nd0nh79av8uldh822tfuh9qd6r0rvgjnk,3397,2
0x0097399d864eDfB3AB7Dd9E305359704F36D391E,17,1
0x02E6dC0A9E01d761b3dee0F0c438EDDf58d19BEa,50,1
0x03d0C20b46C532a97E3d0EDE667Fc5e7082d82AA,4415,1
0x07Eea227d9ed3BCae9fC38350785b32c6556C88f,414,1
0x081CFC71de8B7FEBBFFD0b5964f2f245D08566fB,91,1
0x0849fD31fd2283abe92B602ad9918C2ce1FEe456,301,1
0x0F91a953a99b85Ede8a9916ff1b506129371f591,0,1
0x0d91c76fa56F18f8b3fB92f5825A1fAb5a517A9c,29,1
0x0f7D151996167C9274e9A4629F7DDA4FEDC4D4B4,0,1
0x1067b368438f9222DBCe17493E1CAD377B460276,59,1
0x116177604aA153b35855bFB283D08271fF0A1e26,281,1
0x139Af0E04478C5428ba64e093658d39A5f35DE0C,218,1
0x172448784502E7fBfA6Fe3A21E86C6Ac846dB9b9,901,1
0x1Dda66D8a68DBe46A4A46E100b8278582B094D4a,375374,1
0x1E9eAC619067F5dF13090155E4785A61cBe1f132,5021,1
0x1f2B74aD67b407b6F6866BCB4f1EB308B9a3cAcb,713,1
0x2102621Da2f921F19E942FcAB1e4413ed5d77f40,5,1
0x228EC0Ce71C1127EBf3b2fAFeEF7177FA1c9eacC,302,1
0x22D6CBFAF3C522c465f314A2c764D01e6a7F24C7,63047,1
0x23898273bbEe4386255045EF5e2Cef8ED9d54381,7,1
0x26ff577818A40D1333944b7492E23619303f5d84,30796,1
0x275Da555121DAB14D6006F454Ed3c0E237788836,652,1
0x28aa4F9ffe21365473B64C161b566C3CdeAD0108,20657,1
0x2909aB2E30ACE5A71DEc36184977C711C685a765,50,1
0x29488E5fD6bF9B3cc98A9d06A25204947ccCBE4D,869,1
0x29Dc80BCd28e91c9F4ce4c24a8CB42333641818c,63,1
0x2D2199Bc1aB3550143d93dbcE8140d6B1419ED9b,2063,1
0x2eeA67e9d79D574Ffe2C143b328791CC5cb51036,42456,1
0x30273fE97daa77d2345645982797C4cF9d1bA111,900,1
0x30F89f5f4cF25f457B4D9cBFb64a64A97F00bED0,214,1
0x34F4a6ddFF51EEF0fc2b32e6D2dDaABC4C56D436,299,1
0x365925C3AF9F5EC0Db061E880332AFE7fA284Ef1,395,1
0x36762Ea4bCfF6A8529Bd025c43a0f9843521D53E,3,1
0x374B24Be502C452E28cA7012Dc6B460E090B66f3,1999,1
0x378D1e82acc28F303d7C3d4fb9d26e3532AfA8C4,1065,1
0x38C1D14bd45AA8D5a8E5De4F8Ee7f392a00eaCD3,19791,1
0x396F0e55fA33513441d556f84a6eA5c6Fd7d217B,22428,1
0x3B11267dfC4B9EBe8427E8F557056b4B6cE98112,471,1
0x3B8Fc9Bd8A1843CBBD0115e8412f05Eb9c225642,174,1
0x3DFAD732535aC116735E7e7C2C6956CB8d0A9F55,302,1
0x41383cF67716478188D069Ac3c7df0cC706FDF54,109,1
0x41434EcF4C833DB0EE588Fb5405C90c32aF839a6,10,1
0x425C729c9B47043B7fb04648A3c03E1AafeB632A,1,1
0x45a6e007c874Ffc6321D6fB90eAC272Dd6864bFA,14699,1
0x509eD831Ee6b6119b3E1C8f0D4dB552E786eA956,1419,1
0x50D6102774fe54Dd7D073A27F45dfFAcb51fa667,191,1
0x5279c6792D38F3c8d7d870178EF3cC26C7AB5d1E,183,1
0x545db214E90C3C517aBFD3175E1D024a4613B412,16669,1
0x56Dfa19e8E47deF069c043FB159527800d9A193B,2998,1
0x5b33Ab06095A7060E432a2118572fBDf881aE1bF,8499,1
0x5FE8Be3C63cDBe2671121CDe58295e6E79CD9552,14,1
0x6298511CbcA6Be3715f153adF5A3EE22B6766fE7,61415,1
0x64561dee1c1026d38cAc0Dc5985833FB00Ff23aF,51,1
0x65A8F07Bd9A8598E1b5B6C0a88F4779DBC077675,438,1
0x6625eb32d2c7d21d7B54A9162EA0963A840BDFAb,4613,1
0x68A8FB23e6fe18D29DA22929c75BE33e43bd81B3,1148,1
0x6fF37B442521CB98B67c9311F551A12e1867Dc41,5,1
0x71053C69B32cA2a9b68A723914321Eeb14Cf1eeB,3,1
0x74a6fcB1bD1118D84b3305450dda4B15C965F437,55,1
0x74c77C2A5D0A2aA6A99b757B00CBD61C67dbD1c6,499723,1
0x769f822F46704e16Caec5A7DF41475817878E199,30056,1
0x77f6a81b9ddeE0a1c00453d60A4698b65F6908f6,20465,1
0x79019Fe7F5DDbd49ad6da99Ab4104eB4ce798529,2612,1
0x7b33fbB878516a398DfB579A6E662a299A3d13a9,2888,1
0x7Bf3AF6997Aa5D5eb4cd1759941419d0B36714BC,55,1
0x7c1124184c6F0952e5fB4ACd1246aD1197BFf1C7,2147,1
0x7ce4250120ff3678cd71Df3D106360ac5faF9ac9,10669,1
0x80f2e8D51Fe435B7f9C8799d3EF65003e14E200C,31,1
0x82dCbA71b7cDF0EbB000Bc7cbd1eD5F5926bdb4c,115,1
0x8312bCF6983919C40d908912B013bE3a74B38a91,611,1
0x83449c07C419944aBc63d890B11C6095b9A260C7,42520,1
0x8A8606817b360f6c26246A8b1F081a5050174cD5,2345,1
0x8aD5D6Be7fEA73fdD972107628DD21dCB60B8fCC,523,1
0x8d3ab0c66EBE6D5651553111435A3f1a04FD6F32,65,1
0x8d859D4eBbEE7c9bA0517C63ea914B8190B1BFEE,5498,1
0x8f3f130034d8182cAAEBfdd1f1D879a0F471B786,4694,1
0x9019CcEfa7ed091f4A9f5069a90B922B89444B7C,57,1
0x908fac3A4A7853F6dB588BC17BDE05adc221a1db,9,1
0x957eEC8D4C10414d7246cD9F812eBF738704c3b4,3911,1
0x9a4e2AB202bB79d76F8c3a0f92678643aa143271,152,1
0x9BfF3f8e24a56830F6098B9f4838b658CE2D4798,97,1
0xA590dC5F97C00256504c2F13756DF904209218AC,55,1
0xAB345EAD71b774525DA4b5845048E9ED050e4e97,265,1
0xF6A54545197cdE9173a7131ccb2D89EBA6089037,71,1
0xF8595Ee8bEdDfC1e0789c4Ce02C48b4fBA7443C0,13499,1
0xa8e7B0C676Ec5069B3616E2Ac571F2d68b3A5B98,20151,1
0xA9ab650548301Ec0e2c18e4B36498D529824f882,56762,1
0xA9dA8873A48d2bB3765299cbA8D04D48369f67f4,4,1
0xaA862F977d6916A1e89E856FC11Fd99a2F2fAbF8,1293,1
0xab66485175E65993F217B7470EA433574473A760,1351,1
0xaddadecD3c9A8A4a5c3E8d034117447EaE517aDB,0,1
0xB23a29225147954430b7113EFB7753088fc2d12c,607,1
0xb40792E087488BD042e31DE24279923059db0Fcf,0,1
0xb5d4a39736Bd6eb5978Bbd54691087C431F981Fd,4923,1
0xB729F3862d5ce74A02D8e456EeFa4D9967059ad3,299,1
0xB78c7801AcAA858Ec51DD79C44a80B3D5be0EBc6,4985,1
0xb8b8d7BfE652AF920aEa5a85d60b1c58C5BeB80e,0,1
0xbF814f4B711A150577Dd9F8E970Dc6eb6aEc4cDa,139,1
0xbC262781ff415F26148b46844Fb30baF5A98f37F,9019,1
0xbf7A0805550Bc67Dc5191876806e61Ca0022b2cF,9795,1
0xbf95C3BE424d7f8ad413a24Eac183eEaC3f73018,247,1
0xc4bcb71F79d3D864F1f4bf6521CCE5b55980a64f,323,1
0xC5a94ADf6F3F6300C113cAB31Be1262E5c521F9b,6172,1
0xC638fc731FfD77b17C486F5AE4A85D40AD9DB4FC,100715,1
0xc7BFC044fba7Afb191C1885d313B1Dd770E2c277,152,1
0xCB3ed2E77264016aB5A727e12a05374BFE5A2ef4,87,1
0xCc9815fa4de78B8d2AB612078ddAb4A551b8a30d,21,1
0xd3850cD4BB9af8045aA1d6cda6Dc0cB59Ca2D5cd,773,1
0xd70F95c61E8E543319999cC9f30c2a654E84d1fe,721,1
0xd89BD4900D7CcbFF9A8eE93265FEE86EB07Ab551,150526,1
0xDA44D84f8DE69fEBDa4C4e0B89fF24077413f4b0,112544,1
0xDa568Ad201be0ED42424CA47862e1577C55DF61f,12,1
0xdc6464BfF9171D992CbAFF25ADF42D391E0Ab1FC,10352,1
0xDE3bE2c786b217f7C45f6457D0bE6355e06bEDdc,2643,1
0xdf82AF619D0668a7BE24C476c0Ecd6B6249248A1,7682,1
0xe05E6280E61F67D70AfB2E3eD530AeeEbe0E22fC,24,1
0xe8864A82b56FD34064DeCCc90881EEaa1f439116,2197,1
0xE9ABF508d93875D7065633717dcA1BEd48e67165,281,1
0xe9f75722119EA117351c7C54D6e6Fe9ee2f8c715,617,1
0xEd205Ad3Fa81a065f4c96ab974ce6060a3DDfc63,7,1
0xeDFcB615BF69059aBCd0f904c3f8b4B39815C68F,9,1
0xF30aA4F9AdEcb8bB209F764D300CbF78341d5e55,0,1
0xf3770E73fc5b841630330574Dc7a7734051DF163,6000,1
0xf7180088FA2F581f5e6a04d20AC66D70823B03d2,582,1
0xFC4EAA4ac84D00f1C5854113581F881b42b4A745,2834,1
0xfCa70Be1086DB8c24e4d4F32Ade6D2c170DDF089,72421,1
0xFCc92F0d50f43A3798041aFD7E2c918cFb8b28aD,202,1
0xfEB86f7F2b60A00435a7D9419f2C440Ab47512EE,65,1
agoric1rjmyd9hattzvkld7rvw6xwesgnjl05ws82fk2y,15,1
axelar10mr6qfqtr50rhyzsjlycms7wx80jdvv5v259yw,630,1
axelar120r3lwjh2fn0hu80e0gw5fc0tsk6ce3aseadhj,998,1
axelar12s2792fu6sh5hwmft7sx4cju32zqq2dng74khx,48,1
axelar13588rzpy4e9wts0ld2cuvhrsdqkr7f3gdcqc3q,1708,1
axelar135wvedh4tp0trj0etkm5ktyya9e76n6s6ysrjc,83,1
axelar13nn7vze77ceqmu5y2qa3yuljgtjlynk68wqtxs,953,1
axelar15hrfw3pp9ups2ty4p74muv689uukcdfcmugerl,69,1
axelar15ptswp2fvh5xqchj7rx86jjukq65z6x3n65w7n,7493,1
axelar15yz8vgnpgwjhdkhaqgw8nua4wpdmuln0h4nnkj,1011,1
axelar163yrndu0dewvv5fttgry8hj22q556dmt06058p,197171,1
axelar16fyu6usmm0pf3v7jsc7ucf4ruvh8us496rswkf,328,1
axelar16t7j5u5r0gw7ry85y7fytntqnnlhctl05z4a04,8,1
axelar17c693mpg3hxnun3s235q5ur7gtptmcprtqe7d7,0,1
axelar17kdqkk080nz8zqv32zh4q93qevd85632yy7q3f,63,1
axelar183r3dsm5mumayy79zcfypgmuqmner2rr0arymp,49,1
axelar18d4fmnnc2ehkxgaws94nrl5e6r68cs8y95gqr6,4234,1
axelar194fuf2qa9x8yt42qhg84ku3juf7z7wg9qky35d,6971,1
axelar19a7gz0j9zrmgtfyc8gtj4kr89alhsu52xanvex,1524,1
axelar1alkdscdvdpul2a076fakmjwjs7dkhxmdr2qjug,8,1
axelar1ap3npslpa0yyxj6zg56aj6vh7lxfmsg0j5z3v7,65,1
axelar1apjva6hlmra2sdjzusffz3zagmgd4884j0fp4t,6454,1
axelar1cfqu070jzduxcu7g20xtgmzfmkp87x3luk4n3f,2619,1
axelar1cms6t63lyv8xlc3yfegxqnm3wrdptzu3gyn088,715,1
axelar1cy0d983560l0zcvas8g0y824cfkl3ehdr8kwzl,12,1
axelar1d5quu2cjgsvxa75jmeezhxs7u8sr877yvwr0j3,2693,1
axelar1dx37wj2uve5y3mdp0lwkr704p2f3stwr4z49te,30,1
axelar1edazcrn8aply5s6nw89daw00p089tlwdr3lchl,73,1
axelar1efarhnrx5j7v4sm2n5g3vq5zwktzwmy3cklcf7,11457,1
axelar1ejpw7sxtuupdtscfq30aj35xgr8hh7uh3hnyn2,2295,1
axelar1f3fez88zu0wuyrukya996n8au0rmdypyhrxqtz,46716,1
axelar1fk7c4nzlddph5wtptwz8yxnx5hug34fwpzv335,996,1
axelar1gksjy3g22w50k2q4mvwfp6pmlyr2j9efn9f7hg,10,1
axelar1gud3xzevey9lk6cdrwv4wjztksprzw6yvrkfx7,75,1
axelar1h4w2quewm9xyfjks77e8lc8wau8w7390gutu05,43,1
axelar1hxfjxhgt4mefjak7z8g5k4htlglyx3mrx9370h,2801,1
axelar1j52rrjkrg8uztr4vnr4ckhlqkw2scwdvhs36ws,13,1
axelar1jsxrctttevv46w0wy27q20m2l3nc67v80vyn8c,7,1
axelar1jwlwf8sssf8vcgvskfze266c7au742jtrmv48d,474,1
axelar1l893mqpa6mx8paf6cfm57v8vxnjwuuz6g5mqyy,1013,1
axelar1leuy2a2jsw330c7re7hdx5v7ftk3nk8kjwsf4p,3137,1
axelar1lfrzpeq8qgpys2x00a9j8wwnz0zt6mav9cg6cj,6,1
axelar1lslutnsawz8udnrz5hm3wynrh72dty2cnnzhpc,6166,1
axelar1lsp6e8krs54s0ak9k53jas0yp6yrhwklp2lk9q,27662,1
axelar1nhnsray92a6cas9takd4lzcc58d8j28apm2j8z,66253,1
axelar1nrz93vygd50hnr826rxe3xnjekn00g05lwnrz9,2439,1
axelar1nvfpjfpg7tmknfqt7ff698u3ypru5g45ttjeh4,7,1
axelar1p3e3kc55e0e3zmmp9c6rwwnfalwhjser3u2vtv,8043,1
axelar1plm7qn0qgkfu7vnmap4ehsgql5qpuf3dph8l49,43,1
axelar1pt20d9edpdp3kc3p3290rh8zdxel63y75ulgq6,0,1
axelar1qa7g2y6lrth3w8dgvlaf2zg8qdsan40df94jr8,372,1
axelar1rdnn7f6hjhnag99h2wstlcxjtk27qg545chje0,9403,1
axelar1rpj53yjafdkgqneupm92umuce77dfv244tk4gt,60,1
axelar1ry4lm8lucxqxrxlt66pzzqwjshe53vq2wpleyw,111,1
axelar1rz93546e2sx8g0dap0t66gx70sqk5r2dxrcqre,3159,1
axelar1sajjnkgwccw44j08nzm0mddklz6crrfnhxe2pq,398,1
axelar1sxs9tghlzpx3r0umxyad3zg06f7uvfr56tfygl,93,1
axelar1szlwjdlauh5afyam9gate6y3xkrgcp0tvzwtag,9,1
axelar1t4snkghe4vezvcl5kqmfwh9mnce02gplf5lgzj,215,1
axelar1u2unp9zh3mwqqu8lpd9wcxh8u2ughc7mcvtckn,3,1
axelar1wgukznnxxfu2mfdrz5tdwvptq54se58vjte4qk,44,1
axelar1x3nekt8gq0cyayhq0reecjkypmt2phllxwdprx,0,1
axelar1xm80qtznfz5r9l95ggwf4aljesqekn3np5v3f9,1699,1
axelar1xs6za5y80kng3h93s7zuxjgtf8d3vly9y6mm00,138,1
axelar1xucf3w09gh0hxrthqftlgkpz6qmhvh79hkvyp4,189,1
axelar1y50g7xev6wrucqlz73lqtvc8jdxxx4vk5su843,19848,1
axelar1yfnz0ua653cd9s2u4q4vdn2j6m3mf3rwsy4gmf,426,1
axelar1yxynag7ghc73xdhac8d8htv2hrsrppjyl8mld7,243,1
axelar1zqlq0slcear0rggnvcgsxpv99mtlyck8hgzxmp,2346,1
cosmos183r3dsm5mumayy79zcfypgmuqmner2rrtn4vsq,49,1
cosmos1e4j4ezpt4ypc43k7tqfsyla0ca9jcq5elwfyxz,92,1
cosmos1f55tlumyntpmex052gjkddmdrhjxlma8jk0d4c,19,1
cosmos1qx9uy27940tkv8emqcrx69ham6mn8fuzrcgd4c,299,1
cosmos1zl6avgsqrxdqctwzuq7vzhfwx8yguzdwupe9gh,101,1
cre1ykpqxr9yauul8eh06e7zq4spur5zw86vwfgyhf,151,1
evmos157y7854a2gwuu0s0l4526f6220t9zlx4dm4qeq,317,1
haqq15g2e7urk9fllngfx62z5lmnqqerkk7p8t5faqh,0,1
haqq1a34x4dv2l63xlg0lkpt3yjlyt7nt6dcyypyzhu,0,1
haqq1yq6awzash5trxmvmexwt5w4qzwn4c3z0ljg9yz,2961,1
juno1f55tlumyntpmex052gjkddmdrhjxlma8yyvkjy,19,1
juno1fw36z2g6pn8ud0wleup360y4q2pg03uqzh9crq,4,1
ki15rff5epa9rvqre4v6fp3mlytr528tl4vsw5s8z,1234,1
ki1pt9c0rxc7y93gjw2ey4ceefuufy7h7xkkmajgj,32,1
kujira1084tlcxdev5d54ccy3f6j8a26hgzh2acjdpxfu,1181,1
kujira10s9le0hsuyzgdt00l7f6d59zc33m5akjla3s49,248,1
kujira122esu76xehp8sq9t88kcn666ejjum5g5j5xxmt,2267,1
kujira14zv6judve4cf3rxvcn6l4hhrv420mnss2aqwwq,483,1
kujira183nvt4l9rd7dpvf6u73an29nn3gqv6426q0kzy,151,1
kujira1a7k3fnltq6uzhce8mpes6hxche9pwtt5489gxm,423,1
kujira1afzxkpmz3fmsmhvsfwsuk9vny87uf9cxj60083,321,1
kujira1dx8en4lf8wk0vzha6rq9cwhd7fla0meftmxupc,143,1
kujira1fz4r3crhdycjzrq2t2f5nhhfwehrgpkkhugprx,1103,1
kujira1g6lxrv2vygjng06le5yvcwwef6juvrwztfqzyp,45,1
kujira1g7l4dsxztj8fnajthp4sf0s2tqtjvpk5nve60y,1068,1
kujira1gh7t8zfeym9c0emwcsnwjgcuew7fzqc75yxx42,367,1
kujira1j52rrjkrg8uztr4vnr4ckhlqkw2scwdvzk92gm,320,1
kujira1lx3799l6u6d6a3g7rz5cczfqpctgwtselwfr3h,208,1
kujira1mqwwa8e02mvwcnelwajxhcx7p7kqmkczyl2zkp,10276,1
kujira1mv65qu5geetay5felygmh9vr3acwlrj3natsdj,417,1
kujira1nsp82xcxdn2467edmk5w2tx3hq7rtf2x6jmv27,0,1
kujira1nvpgw27cn6xpj90xqmwgpdpluj0hyy9xyak4xr,1197,1
kujira1r8wlmtmqjgurzt5gaxeq7kk28hpu7nghlm30sf,110,1
kujira1uf5es5guzs0y0ppvjezpc5euznl5lq3svfw9ya,491,1
kujira1uzvprlh5t4ne6zhlnz8q2kkdsh7sq8xg4zkwnm,0,1
kujira1vazv68aw5wyuxgcaw3yxskem7gdujqpjg906fx,272,1
kujira1x4l5xce0fev0864r3hz4e6traprr7a9uh6msdp,416,1
kujira1zlp4q8s9f8yt572ehajyqh034v9jxzqc27hjmj,1332,1
neutron10ygrl3wgq4c8znsrm9rna2hrv7d2upjtqxa5ye,151115,1
neutron10zp825e27ue40ehlam2u07gg9n9lu2389mpdsf,2025,1
neutron13ues4s9k53a35qqu2k2hqk5fqjyzuqx7k0e6jj,20024,1
neutron17gzlz4lc24ff0aasrg2d3kr53ereuca2xd2dc3,904,1
neutron18qnmwu5ykwulswg3ldc0ddu5rksmpdwny65et4,183,1
neutron1j52rrjkrg8uztr4vnr4ckhlqkw2scwdvhpwslk,0,1
nolus1pk3lswrmlqmg094csnl2xyh5eeezq843q5s6yr,14,1
osmo100ywfax95u9c6mndxzuqkq2fdkv7f6pqmsnhke,70,1
osmo103gmyy86ydf3thstjdjlewn6lw054uutlske5s,13109,1
osmo1066x4lprrp0xaq6ec6y5n42t4l75ay7xp58p0z,11,1
osmo106rzvankcqsdqw7zksgcccg42d67f3p8kuk6mn,41,1
osmo107umtlsva6tc2nx0pugvklykmgwsghdlnnxmve,68,1
osmo1093d3pc9llj3x4dcm8xhnnu5v7ssqfnya6sgdp,39,1
osmo10ev8mzvw8ktfpych4g4whc33qrkseaj0u0hwcf,22,1
osmo10kmpce680rzzkfsen9ekswcjl43mj534qxw6sv,60,1
osmo10mnnulhxzqsfm3n4xrvuq82696khzkrqkdh95w,135,1
osmo10nvx3vfc8hwufuanpv3c57y6y7lu4yg0lv9gy2,78,1
osmo10pay6fyy6ywz8h720u4yc4v8lskaerj5rj9kf7,985,1
osmo10prqwk5dxn3c82hsa24cfhkcvk70c6f5nz5n2m,189,1
osmo10zcldz2x6za0vsr2jl4u2d7w6e6jkck238kzkx,85,1
osmo122rjjhl83a8056n0kr7y2u8lh4eac0kcdnhcjd,8,1
osmo123f2788jmjh389750na0h473ysc877zdwm9f87,61,1
osmo124frmxtvn2gacgdxepyfefcysrx8d6y7229l2m,26,1
osmo127cn68af89pppgwlhue2p7ce2c3q5vq5r6awq9,81,1
osmo127jnewu3us76tn9y4qravg3mjvghdwjmcalu5v,28,1
osmo127t8jh9x0qks8y0f4vxwpzp97e4j3lfhwffc3a,176,1
osmo1288dtkvntlrlngwnsv4pjz7k6dq5x2t8aphtjk,62,1
osmo128ctuzj4vdwmpw080ekt54qel3tnrt46prnzpe,360,1
osmo128tvu6xk5nqht9fup3632y6jyy4gvmegtn2a40,305,1
osmo129agpd655hwk062nk6rw5rk4ttcwxr2p8w9hzj,21,1
osmo12c9pcgtwtvz43nhf62kzu48tvpjr7u8jxarrsm,402,1
osmo12d955qs97cf26kfpga6re5ystvqtxax489tjt7,55,1
osmo12lavfp9syy6ngydc3wghg3czfpkqnnzmpalnhn,52,1
osmo12pvv4dtedkxtfstn5axuj9uxxs3yqc3xylgvsh,13,1
osmo12sp3q43wassdwj3etuqshgjd0txl77f2qjksjq,112,1
osmo12td4g6m0q9n0ax7dfkzmd8jgty7nfcnkgdzxhh,2,1
osmo12tfpxen3acrf7d03mh8a0ej92uhfjl4x8ktlgy,2398,1
osmo12tkhhptnth3h5aauj6kdhygdhvq74jhtnxncm6,98,1
osmo12vjpqv3z7xzjua229ap3l7htxrs0hq7792nxny,72,1
osmo12zkceqlelf68qg77j0jjcqc48y9udn2deu4g54,4354,1
osmo1300l3hg225ku5h84va69r28xx3gu7cx20agh7s,19,1
osmo13072mnss24ej4674zr84guk355vhfss7nkhxal,498,1
osmo1342z28w2kqmkancf00pwaggqy9hyvwa5tqnt4t,4,1
osmo1343m78qsucdz6arfj4fy3h2gs5hed9y5eklvw2,142,1
osmo13598t8s2d0r6jdmcnh099cfheje6z3dq6nvjj5,19,1
osmo135flgxjv307fuqh4z0cpc4fs8r5r2kpzu942r9,1113,1
osmo135yh8c6lmtla406gtwlvsr4qdlcx6he5ny74q5,22,1
osmo13698097t2cgsj9jv44csrku3n895ukfaey50qv,3000,1
osmo1377fdfphw737q5zna2t93jdglvg58dnm623v6z,102,1
osmo13ak0hk2mk9atvdgtpsj54lwazdg4eqygulkvw7,76,1
osmo13f0akrszacxnm37cp9dqfdzp3v8etl3080zfr5,74,1
osmo13g30eyx67el84q0v0wgefj2ff8dsnr4rxgpgqf,86,1
osmo13md7q667a3dfdsnx6e4ufzqdc3exaqrmxgmud7,94,1
osmo13pjeuup2mx66frl25dzuef84m3f5enlxwwwqw2,135,1
osmo13pjwk4q3yhdlccf7uz3lmue52gx4jjkexchrpn,131,1
osmo13q3qg3ycyjcrht4ncjx8s0cn4eudv40tme0svs,56,1
osmo13tqre7h6tw0h4vv5dt847k6t5l4h9p6qs6c648,9,1
osmo13vh5lm52yxjdm7c2j0hmc8nzexfxtyur9aqaxs,139,1
osmo144zlzthtw7hcv95hrkf0zszs0hjh8wldp33xzl,933,1
osmo146vxfqv6nxm6p532x0fptglj3jha38rf6qtdek,169,1
osmo147q7guhuy7tvdph9xted43c00050yphn5gdrxn,98,1
osmo14d2ve9urqavyznxr064xl47eu6x8jtz9vq29x0,47,1
osmo14d7ehuzr2xyfqrew5z22s656u6u2x7ze74h0p0,780,1
osmo14edy0mskwzyen3g6p3w8tanzjm8e06kx96txr8,1324,1
osmo14g67r29gmj8gwd99z6q4wssn06d386t25u9qtt,303,1
osmo14k8cvcu65d53q82lst4ggahtmly4cg96drz4r5,170,1
osmo14l0xrwpuvkdgsdrzf8rcu9vsrt9a27vv03q0ny,53,1
osmo14pd45vpmwg8rujw82zy8xymnlcems63sgyy2fr,20,1
osmo14pe2esqhdrlydh9vvqag2kdszg9m44whsz5e43,797,1
osmo14s00hk8u8vq6ydy4g649m2dy04p5va5erqjrzz,37,1
osmo14tvwwtu5n070dn26cqek69e9rqkacklxw9sgs5,2031,1
osmo153sd04cxygy7ahd20q7hgr048skjqy9akz9cv8,1007,1
osmo159lluhff9g0j29ajzws7lm3svxmvprh4qhf2pv,284,1
osmo15h0ed72emdxfnzxfjq6j0zcw6jqg9tjug3l95w,39,1
osmo15hnd8xmyg4w6lfg8cw5qa7dg9jfudq8pj35plj,1214,1
osmo15kzerjgs7vf9k507c03r47yr8kmjcmes69qxp2,206,1
osmo15np4sg4dgtdvqz8p0tz3lhaklplugxs73hayfu,51,1
osmo15qz629k57a45pr9ttf7rnzypjnzxlj2ug22n0q,81,1
osmo15ttejzn8u5a0gsjgyq52mkf9uwc23cacndxe6u,18,1
osmo15w5usq9gx4hayprjf7nk03lqxt4sx5v9p76kl8,32,1
osmo15w6e93j73tpfh3jfz5770csp9c3ga8vf59ejky,28,1
osmo15wenfh4wgc8gc0fw827syn55zeaelj8pyvq0em,389,1
osmo162s5vddjw8s650xg4lkk8v0mtkcrcl6pf6u9g0,107,1
osmo163xlv8h99tmarvj262hlmml2rsk0ryu86dvu67,33211,1
osmo169wxxucx2np30pm8cw70nyfsymhpguutqlmteh,107,1
osmo16dcwlyrwx8duucsr363zqqsf2prc5gv5x8efcw,2209,1
osmo16enwvjy69fsckxyj34lrns4zrqfcxr8rwluxe6,37,1
osmo16jyptn4rm9xjlvjatqmcrcw3a43ptmhjv7d7j0,66,1
osmo16mjmhnayf96awde52q596x5xgru64ht8vd2r9z,16,1
osmo16p8gnnv9rpl4ts5ze32z32a90m8207a9yaz0ph,57,1
osmo16sre854szv8uh37vs0guetf0v20znzq35grla4,314,1
osmo16v9an5whn5yg55u9f6x859msyq879jgp3m64e5,1113,1
osmo16w3jnpw0dgvadpkayznruqf249h2rn07evh5rz,549,1
osmo16w5mced87vern4un0hmlz6z6556rmkq8skysxv,25,1
osmo17274nt7njjss2ez50pxqe522s6vfdea0wyk70v,646,1
osmo173f7q9gp0lqf8dzyzkxxywa68jhw5j7pg333f8,60,1
osmo17ca7e7v7lqequxfmp4grg9ue6rd5s2ylaqxyv9,39,1
osmo17kauqk0hc5hut2af3e0a6t63n7f7hr6whew9nl,231,1
osmo17kf8khrrcpmzcf7n7us03yps2230rh2vj0ur5c,50,1
osmo17krxfl3lkcgcdl4qylnq430634aflqy0p44s6r,45,1
osmo17ktcu833jpsj076vjc3fxduj95auxp3x4nh3pf,28,1
osmo17t2zdvlp8ketsdkalwy5p8ljd85p72aqkzswu8,398,1
osmo17yhx9m09zxa4cdnw2kgrse8dd3g6ep43nmdu0j,24,1
osmo17zqjrwcyf7esv92tx7u9uxz6qdeanyzjthye6a,72,1
osmo1850jsqvx54zl0urkav9tvee20j8r5fqj2nnj2y,132,1
osmo187n3asrv7ac2066zfll7tq65ukp7slhgjxf48m,42,1
osmo18efxwnywcxqf039dknvkmcyyawwqd08cncateg,183,1
osmo18euja77ehck46nlrjnurzh3k7d7w4030v747nv,10,1
osmo18fnhh3lsj2z6vtnceld7st4pjmqjl2wlycu7h8,81,1
osmo18j0ke3hga276e8pr22m0p27aa9ufd2hq6yq7fa,96,1
osmo18m5f5hznyg4nnr4a7rdxgvcw5k8kt9lz269ru0,21,1
osmo18t894g75hlq8af0nr749l7frgnfc7ts960kg9z,52,1
osmo18t95l9wzhtmatjjh3dac45u46zh6zc936ar7pj,67,1
osmo18x39etf3xwded9taa24tapjtc9hezlqvfmvnpa,71,1
osmo18zwv9jr0yy5rl7dqu0dc9ueqy08034qw0cpu3p,17,1
osmo190xjvxgllllw3lyw0a5yhuy6pnrfe36zetjm38,48,1
osmo193kfalvettrpzd8ccvlk60vtcx3cj23fz0ed7q,1153,1
osmo19j3736c667vt536724vqc6srl2mrc62np5vnjl,22,1
osmo19pfah6d6p7vc2vr0ndme7z69zc8yyyxmanh9u2,49,1
osmo19pm7elt8y0hy6eahqg2zsf9gqmxhvrxnd26zht,16,1
osmo19r6nwctpkx459eqzskavln9seft6zzun94erpc,296,1
osmo19tkpuk38ltk8tqk4t3fra49l837ttvdzy2zrze,37,1
osmo19tz825szeddlyk0rtpzyf4dtxv9tcyf9jx94l5,50,1
osmo19v0lr0f7j7caugxuz74m687g75lu9759qx93a8,1302,1
osmo19xrfy5dr0s8j8fnlun8lhxhgcfe94x4nxswjww,965,1
osmo19zn6q29848funkx8uq5znkue56278ataytgppd,109,1
osmo19zv0wfx4v5cfxv4ppuyaxc84n3puy5n6ywpajz,221,1
osmo1a5slmnrwrndjtxaeudqvaenukhylv5jtannycd,17,1
osmo1a63ax9zqhdjlu276cgn0v3368tp0kn6n0tk760,757,1
osmo1a7whdwrw26ttfn0jh4a02l7c4zy80usvkmfu8c,1161,1
osmo1acm6cyyg9kvaxwy2cgv89k90hn67kv9axd0k4g,47,1
osmo1ae7nad9g2r2sd64n09lpzgxnnll7w0lgwc7arz,83,1
osmo1alkdscdvdpul2a076fakmjwjs7dkhxmd0l92pm,99,1
osmo1alqv73k4v2fvky6au4zw6wq55xfxm43427302s,244,1
osmo1alty8pt3ernp7vghhz4zpwa5mgjaypg79f8r0z,20,1
osmo1apuma9mgfce3pkauyx4w8lvjvx4s4m09l738w8,65,1
osmo1atrr0cl927m80w9mkegpha9662l29q85vkk42h,5488,1
osmo1ayhsy2g3r9dcdnsh3cle8krcwfmymzvt96rnx4,175,1
osmo1c2mkrrp6hkq5pq6vxhtm8fkrjlxn4ta5j7p96s,32956,1
osmo1c2wshltf2dzn39sdzrn4vsr4n9x0e4c47k6aj2,102,1
osmo1c4n3752mfl0sk3xtmvg9gc59mamfeksug28a5y,106,1
osmo1c562cq5walme7xqred5r2utdlhrqm6dqjf9nud,62,1
osmo1c68tmjxh2sljpy5f9mad3as0rull4cs645hg8u,154,1
osmo1cdr3wm799ph77y8x43uaq7cefzyr3tglh7j7sf,29,1
osmo1cekyjffwztwesd2d73uzdf7ts2u5jjjrjxyy08,999,1
osmo1cew6w6z0khfxjfuc9dxq58d370cjxj22aa3eru,144,1
osmo1cg9r49m94uefr63aun3gpdc6g8nmhak87vlhem,40,1
osmo1cj2w4h7206xqvrxr6pnwzq8u8wnx9dazk4neqk,4,1
osmo1cq6ctuj49ts0kgx49rupf4cgnad84sv5f0hehm,4,1
osmo1cqc50czwe8ywjfq96s0ntke77xjay0y3s9xpz8,11,1
osmo1cw6cz2dk55fusjrdpjufpqftmrukergwvgyw28,79,1
osmo1cwm8zyaelqx7e5940dh4h59pc9gmeapaq3pfy0,86,1
osmo1cxmm8as92fzvfupmshsy9hcm92wpt4ewx57ym0,11,1
osmo1cywgqnwq50na5xxnjf8hsky7vgq64fv6wrk772,51,1
osmo1d49npd6y0s3jrd4ny5hszhews74nhcdfn5gy46,115,1
osmo1d8754xqa9245pctlfcyv8eah468neqzn64g887,562,1
osmo1dcwjkxnnuqfq4smgadnmunfq9nxy9yrf8my92x,9,1
osmo1dfmvr8qdmuv8us7a6mq8lkvn6l4q7334tctfh6,147,1
osmo1djul7466vjeewjayddhdqcn9runghgppy0pawa,74,1
osmo1dlxs2aemu58m7ejcnz4nlzyajaql5p4w5e2d8e,330,1
osmo1dmkuv3camw00ay2mkay4f3wuqhtz9jrqfyxleg,271,1
osmo1drx62l9dda5vymp8vrwuf8f7qf2hkvcmng08ed,1272,1
osmo1dry9rvdeue7f5xu2lm7vckr279a93939ey2ra6,48,1
osmo1dt90yz75rpk74h4ndfn4wkynek56svesflccna,565,1
osmo1e32vcqxn2k3hheklepttccasdv4mql636zxv88,330,1
osmo1e78zc77jlwtzulvupvun55vhvm0ruzdgkvlyla,272,1
osmo1e8a7x8jwe7appfxayjc3j63wazmzhj29la4gtk,22,1
osmo1e8uc0lkm8nh6pfhxlea7jv28q87chmhyg9a35t,1722,1
osmo1e9al6xg2f2zzjmwd5mtjw3rmj79mqvprd0n4t3,271,1
osmo1eeq9n4m095sgxsfd8xz9gr67ln0f4gymwjnvuz,29,1
osmo1eff0rr0ptx4hvc3cnwvm5wween82pe4hcwurkt,2636,1
osmo1eft0txc7dv9fe5phtnd46wdmpmeld93kh5z2ft,52,1
osmo1ehvuqxhnsdhg0pns0y8ayvjvjg96zksvzq403e,47,1
osmo1eld3y0g96uvk6x2z47n47p7zdme8ms7drjwd0p,1109,1
osmo1emfqsr9ywqvhhtpku7tdxx0kz8dx58taurmxlh,7,1
osmo1enljfp0pt5sak5q8vh5l8jderhzsgpwuhfqggh,93,1
osmo1epskdgvy8l03vdxqfqx9e9jc6m47n92lmky6v7,20,1
osmo1eqheyf494v7dn5ul7mlfgfpwl38qvm3u2askuf,40,1
osmo1es3q2pwshwpxf0pxvs2z60x32rhwrasmr9lyne,90,1
osmo1eu8ru54lalxpaw2jm8ey295kxvk0k3y5jgxr9p,39,1
osmo1ewy0qw5l3fe84fgu8h2p32n7lgqqhl6hkwemz6,18,1
osmo1ex5dty4w5l6rxpn9ajey0zt7ve266cz3z0l5uw,133,1
osmo1exuhslvyhm60uktfsndu6ms46xwqpg7366sjdh,83,1
osmo1f3738ggn3m8pp9yuu57u9ek6dwml3et4pe5kf9,477,1
osmo1f6k5f3fp5muy2w0yxgsjwd337za6ntnnetykm3,19,1
osmo1f9ml0fjaghrnv36gah98devhaaz5aeanggj6pc,98,1
osmo1facc30lf75c0qkc3mknge6t35486853au7dk72,304,1
osmo1faxy3nz6clj8vrwva7ngkd56k3qzd52zemfhkf,1610,1
osmo1fcxl9d5vg60y6rf8dffw5yc9f0h39zyj3ztq4l,21,1
osmo1felqrqdlyrrq7xz4g7vu0g528th8guvm3p2a9y,32,1
osmo1flaag30m4js65hgxdm6tf060a4ny5q2cfcfer9,4,1
osmo1fncfmx4feyw669lh8dnscszvc6h6jcqa4h8xsl,106,1
osmo1frjc0uvx2tvvnk8gwrj53m6mx93s268cg94pqk,182,1
osmo1ftln09m9lfushlwh22papcea4z232ekq9q48p0,52,1
osmo1fvcsgpzkfqvd0p7prz7p7edrpcp7d5gs4hmmwd,23,1
osmo1g3f8m86237pzfc6flv6l44sx0qszp8z6cem24c,77,1
osmo1g3ut7m9mpl7rcssc270d2gxnpzk4ws6fjnwxdf,68,1
osmo1g4w8q67tfa3w9ktj75ce7k02neq9dn9vr3p7m5,112,1
osmo1g558r4gupcf0p3sxlgltnjm9htrss6vuuan3cg,131,1
osmo1gadrq7f6u5fgenm8mu03w8a7s4x6ah4luft032,4191,1
osmo1gejt3vvajh7ndrcm5a3962knve84njymr5x3ec,103,1
osmo1gg9ca25uy7phxy5g3eh0vhgere430pu69sq74g,356,1
osmo1gh7t8zfeym9c0emwcsnwjgcuew7fzqc7dhhwwj,366,1
osmo1gjdsdtshy9heqxja5cq08vl7p0w3q4uc9wtz8y,27,1
osmo1gmcxlqm35jpqp7c7ucsrkmpcatv4hyusd6lr6p,13,1
osmo1gpleadeggjjttv3y57xsd3xezha83uqwuy03ax,499,1
osmo1grlgkcmwp3za5m8nwrf2m3s93s5v6ypq37hwcl,20,1
osmo1gs7qxn0yqqsfl5qh89pp7qm4u0pdegd5segrft,131,1
osmo1guchwlp900q8k59fu6f79r5pmlg3n005zrwx9z,26,1
osmo1gvzv64c3hn68uywg5psjqnghg9x62smkz3gf2a,34,1
osmo1gyknmdmd7kzdgxmzzymxpry565k2eu7jvp77lk,266,1
osmo1h372pmnffhtrd8ew7pnl96yukx69zajv9vhdmm,50,1
osmo1h5rmpl3q29v8kutjnctrjpejaq0xw5w0vzv24e,105,1
osmo1h5s8g7tp5qj6jnf2kdwcwlyunjv02a9ag83cxz,1996,1
osmo1h7f4szmrjn22yst30asgahq4wuzhggd045vxem,22,1
osmo1h84t7f6tjhfl2kwf09sxstcxhd6r286j5su53x,15,1
osmo1h8fxccru9dkkttltkgc8aqdgw2nwvjqnj4n8mh,6,1
osmo1hd3gytm4lcauh9kp724wd293vvay0nzsyyf6s5,548,1
osmo1hd5kswf5vq8p8zw69zpffv3ljc4cd789m4vgae,71,1
osmo1hghgqpurf7u2ae9a0j8ua5zg8gzyf0wgvxujh4,5244,1
osmo1hj2hl0peualurlkp3cx85yk38sv6v68aj8jejx,30374,1
osmo1hls4rdk5c9c8ff2cdgrjnu3x4dg0v75n3pw6rq,190,1
osmo1hlvg5ag2ac9utxd9w7vzfp85qd0df2kfrmeuzq,42,1
osmo1hnksv2lzwp23nqp5ar4aqa6rlfgadzgy9llqls,33,1
osmo1hqneht9gd4rwjshyytv7r8rs0ya55cglcxfhjv,1402,1
osmo1htzwr37g37h43zcc7ylqsdz98w25nz5z7cnn6u,554,1
osmo1hwdval8kpt39zekylq463dq4vcjycvcjj7rxyq,18,1
osmo1hwnp8l9k9m6cakjy6gagphm824qq5a2az6nc2z,215,1
osmo1hxdk9hss3evynvpkaetj9677lcey7arlzhpdvx,40,1
osmo1j2pme4062gwwlm0mwearntl0l9tm6zlma6ak3m,99,1
osmo1j2thfvc8jutpf8yrgl5887wxll0prl3zernwc7,3258,1
osmo1j4q2cf2z4kzg6fqxynm4qsv8e5au9qcj57m7aj,55,1
osmo1j5hw2ad50ccmakym67l202dejlqhqcj9hg8f69,76,1
osmo1j5ur63mmwps03cpg4jq3yxyzzrw5unhm5w6vty,131,1
osmo1j7r4vpt9jf6w5cxyuhyh2hej77h6f9g45gjs0r,98,1
osmo1jcla3eh589a95x44t6pcjgv6c4xn9gslspl3lz,13,1
osmo1je2n5axj8s6l58mk9nv4tsxzcyw420sgq7y2ml,89,1
osmo1jfxsrn5ywvxp4jxfaj883vnrvvk4ewd3vx4p05,45,1
osmo1jguulxpyrlssjwr9amhc074rmkp88cadfps0en,19,1
osmo1jgzw4p8lc5chmhygadxyc6jajujl4lpg03lx9n,298,1
osmo1jhxsrh2p3lsd76fkmry6e4nh2wyc79ksvly7eu,44,1
osmo1jjfffzaek4urm2mlc6wdk5clqkm3lxwzs6kwen,52,1
osmo1jmcpvk8lqpf7lh3zp6scchk7fqugfqhrw57krq,193,1
osmo1jmrdjznd3tnx8valg8p32vk9vl7ut9ly07m3j7,46,1
osmo1jq730qf6wl8lspg9cx7mahdyx9gx2xn3l69unl,18,1
osmo1jt87enfyajxnquv96qqezu3c5ygnh5ux8dg4wv,46,1
osmo1jt8h6uc8ku06kp7k9jc223pl48lne0r4jm2cxj,64,1
osmo1jt9ypvsp2s0ra5v8rffv8v8vfdf32qsz7nyhw2,62,1
osmo1juncsa0xl5grmtrpj7kvfananlg9fe4fufnxul,27,1
osmo1jxp8x7m4e6jtwtjr8ld57qq9yc4nsr2awmjq0k,119,1
osmo1k22f8dfhqac5mtfu7y8lps8flx04npxrezaszj,5272,1
osmo1k2k7dssqs7faecw56wzt7ypk9vgathc7jczfjs,30,1
osmo1kctd52awllpfr9unv4v98gxpmenfgmxt5f4yxu,86,1
osmo1kmy8akszddj3vesnnrx26w5ykd0jtptnmr8p65,509,1
osmo1knx98w4svtvsv3n5vdvema9quylc4fjrkkepyq,172,1
osmo1kp2lcnr3n9l9mzf60233nslc8dfvw6c8p40a34,6112,1
osmo1kpexud66vgwud097cdlyfpdzzmhhrjwdyw5q3n,45,1
osmo1ku6yls7rn6sczewdg7ev0sft77dydkpmm7nsx8,18,1
osmo1kwr96cf83fy55a72dhh8as5km0f2ya4xkxdz04,98,1
osmo1kxa2nu0muhzkugrnctn4z4n2a292mmxgc4ngdf,664,1
osmo1ky2ny059d5fas9mp894nhglmssawhp50xpztyt,17,1
osmo1ky8hhw0q94whlns02djqptmvdcgml4a9nkxaxv,224,1
osmo1l0tw03c9fluh9ajalneejuca6mey4zkcy7mruw,179,1
osmo1l6peuwhv527u90q73y777ssa8500gtemk052lk,45,1
osmo1l8v5nzznewg9cnfn0peg22mpysdr3a8j0zdd86,8,1
osmo1l993uhc85yu026cc5n7ugk2sfjlxnausnpenlu,196,1
osmo1l9sw08qsxza2e8enmu370wgwntpkyvj0k6mc6n,940,1
osmo1la46v3r740uw8dskvcs853758u5zrdj9x8m565,42,1
osmo1lcswn7z5mh32redas0xmns40xlmluxtdfu4dgw,31,1
osmo1ldl8x0p09mnzd68nvc79mcfzdaaurmnkujstyf,11,1
osmo1ldpk87ay5seq66gqh8g2vjaxmjxxac9zgg2wxf,22,1
osmo1lhr8rz2yuk8l49asfkwsaw689w3vsl5c54jzk4,2247,1
osmo1ljpf8r83nsra3n7gf5gva7hqxxzdchvt58nn9s,55,1
osmo1llp7jn64439exe4pkdxpjkm5qgvrkr45wyns0y,62,1
osmo1lm95tgeyv5uqzrchcfuux6syv7wwq00svuuyvs,24,1
osmo1lmrmfmy6jrhpql8a23ekuy3wm4nu56wk3tm49r,44,1
osmo1lp0ucyqgqf9zczcvda3446rpnlm64myasgcvt2,54,1
osmo1lrnftef9qspkc90n78cchxvhvr2cf36pugaah8,9,1
osmo1lslutnsawz8udnrz5hm3wynrh72dty2clx80ut,6171,1
osmo1ltdqzj0ylgx88g84feae00kf755dkkvrp9dwjk,22,1
osmo1lv8g3q76u26g8fzvc36gp835zdfn6tsr3dq7lv,61,1
osmo1lvwvdkvgdlqgw2a9uc8j73hxrygtk0rerv7z5r,379,1
osmo1lvz2p9r8dpzehgc50am4cc6n5vw8ses53vrp8h,1016,1
osmo1lwxqwl95u89n2yvyhfxxep45ns5x3rq92ukhhv,2481,1
osmo1lxc9y7geeswftv7qql6pjwj493v4zjq67hu5f2,29,1
osmo1m2jfg9nntn07n6ravpsmhcpxe6864dkmfynsxx,19,1
osmo1m2ukvp0c5hdtl8ex3tqrcdzyc5aaeyp03c7wrm,191,1
osmo1m42qv0z2ya8nszk8udal05cjmfmdqwckv57yy4,78,1
osmo1m5jjgpjfsfu653uusu688pzxnu6s8ux0cs64q5,26,1
osmo1m80y6ytgt6yxa5wwfygc34clp6cx7mcrmal9qj,437,1
osmo1magx5kyrykhzvmzj6qy3g9xk5se7y79htn4se6,16,1
osmo1mdmewrf5c5ucrxvqnlzhrfqckzd6sxjnhmk8f4,14,1
osmo1mg5e8zlvtmr7d5xvpq0aklkqgzn7zgnd3feng2,47,1
osmo1ml2jpzkdt5cnfv9kxr558z4dugs3ts6wvdkq25,14,1
osmo1ml7f642qg6wydlg8kqe0ca65w4wcl5lskcumng,309775,1
osmo1mmhl5pzu05pamz069k6j28ezmq25y6q0d39xfn,54,1
osmo1mrhaelq59fywav4ftxla5m98f48h2gmtwsj3yw,37,1
osmo1mvd9we0p3fgydczkuz7n90jcshguaxem0jnt37,37,1
osmo1n4zf2c9222sfymfz7yfq2mxcltg87ex7kf96y5,18891,1
osmo1n6w2r38lav8kx7qwa50697n32mazcsh683qt6m,73,1
osmo1n79kmnsx9q59v02zvjk4cemtvq45qzwe8mk0ul,42,1
osmo1n8fc790p2kpsscpfayd27uxmzcntzx3ca4fhgj,2988,1
osmo1n8l9zrzjw3zxn2ju8tg2553jyqvqqxcrrl4vgs,22,1
osmo1nc6jsljpjsvzj4ccg4zajxq3523eeca3jmm8nf,3853,1
osmo1ncrjuggwa6x9k9g6a7tsk4atmkhvlq58qrj9cx,949,1
osmo1ngvuu7q7z08d0xz7mgjet6ch8s68t269g53kp2,43,1
osmo1nkja996cd4mnjcf4tl5pfz2yaajdzhectc20ch,49,1
osmo1nrgpwp4s07qdeshw4xt9vyecnnrtjqz2mslpcu,48,1
osmo1nspfvr8ykn0quyzxa9dgyry564wgnlegq8xqhv,108,1
osmo1nsrm9wnsz0gqmdd56m3m647g5vzm6yml207u3d,113,1
osmo1nug2ux22w4epqdv7932u39pk5fxwx5jatudn2h,22,1
osmo1nvnes479h60vdhr309pv3qhs4wavhlr3zuatyr,190,1
osmo1ny26jhyz4cn5we86nef8676acrqermrdq9qz8l,102,1
osmo1nz25wk6xhx9lsx0dsvz77q02aec56rv03q5s8v,11,1
osmo1p0jq8y32s6cdcdwvk5mm53rvlfpwwl36usppp0,12,1
osmo1p2lnskywgtmdszw4lyka8wu3mn925365djuc24,23,1
osmo1p32ltzn4tf9gr2775dmtqnfrj8vv0prh8vkyhy,22,1
osmo1p3rhwdjcd508hcfrrfpy8dv74xy3qyp9vey240,114,1
osmo1p9pnymmj80f0660v7wgl929guw2a7ap58eszzq,84,1
osmo1pddmm7dng0wkmc6z2gcwhrv9v9av94774yxgwy,198,1
osmo1pdmc2nu8ryysy0x89t5pjrsf5dwd8v49309dg4,38,1
osmo1pezym9kahpgn32thtd4aq89psflwqhne4yxenm,186,1
osmo1pf9mv67n50srsgam5kwvfs6nnulrtj2w0aaktp,0,1
osmo1pg5jfxmlak0hg6ytfznujtquhqp667m2jpmdm4,10,1
osmo1pj7ezhmhzhqzsldldyyt4eftjpn9gtkp7p3u6p,59,1
osmo1pk9e4u2zltprpdlludhv4ughcaluxsuhhtjrxx,1237,1
osmo1pk9whyy9n8cq4zh3lhx2cwtnsln9wem7pc4m07,23,1
osmo1ps75w2ksr67047qnx3ckaxadwj8teweh0au4rg,21,1
osmo1pu0jpdm92y5sxag3qrstalxaff7c2e37ka9wm8,22,1
osmo1puhv56dxvuea7nfmg7sxl9rp3cl7qr0p6ru0s7,1873,1
osmo1pw7qt9sda8a0fh6q5wjlf46vw3vk4426l0qngx,39,1
osmo1q0ak76pxjjej2d82syhwfaw36f4xmwupqstgjs,259837,1
osmo1q35qy6kmx9vxfd6pesa2pe0uhxckq5l6d8adz5,47,1
osmo1q5dzx2c8xdhj3xt6m0n44m6xxv7mn928l4elkk,200,1
osmo1q67raw74re3jvmzshtxphlefclq45hqkkv9k20,10,1
osmo1q6xpjmj032ue73csugw3fypkzxwcxvkyrm25dz,168,1
osmo1qahjx44ape2a2zhmgrdwtfqwtuv32vj6mjpqdl,458,1
osmo1qatxyfrucuz92vwn49wynadn6f303tnfj8q2sr,29,1
osmo1qennnhkrstw3d6q4lqwvmvduyymu5e22fvz9gk,3647,1
osmo1qltnmkl0jj6uxvw7dpt3k4wk5cttrr4r8exg0r,18,1
osmo1qqgnwwwcd07j6mtl5a9nq466n667f3fhv0amn3,52,1
osmo1qw587vth7aleqyg7n9m2vl7sh35qjm7j7tcc08,74,1
osmo1r2cxt2rfpv35dus8vjzzdd86nh8l3egz47qhtp,46,1
osmo1r4eh0h34m0xmyd8dwphcns5rj36rd90jtmlngn,130,1
osmo1r5dques5h2g0l924y0ms5etvhx8vwvey9pscz6,7,1
osmo1r6mfqs5tq6ds6k6dx9snsxay2jldna0ks8semp,47,1
osmo1r6vml2a5nv54slzw78ywl4f65y545ajmyenztf,498,1
osmo1rfw9gml6g8z8nhhp92nztnyjf0944c5vtkvrku,10,1
osmo1rllg3klhkcgkqhmp2v5kqhlq9ewf76ep048h9z,31,1
osmo1rwdyldmssw6qlqspv7ys0f6gf8zdc4dmduujju,65,1
osmo1rym0pf3mhwz3sjurx8xsn4mrpjhjn7y2548pqe,16,1
osmo1rzu7exfdatljyyhyl2rp972gvwxpxavsrme4ze,14,1
osmo1rzvve25j0dfts3jvw9tda8v3fjmp38rt5z48lu,68,1
osmo1s3hujfy72a3n8235r5q3mmdhf9f4rpz74272rj,271,1
osmo1s5aetqsq6vr5htctl9auh6djgf9sw67d6q0w5t,143,1
osmo1s67dxfqx2wnhjpd4w27dw9cn734fa4l00vm8nh,1,1
osmo1s8dqt43duth4300rzzad0q2warscmrzjxrjf8x,128,1
osmo1s8g9nw0jnlfxzdzhuwuxqxhcgpcwpga96d5e0r,243,1
osmo1sa4f902fxxm0zlxmw0nus8h8hkanz8yawwkgdc,609,1
osmo1sarrlt9gsswyd7l7k2645ha25jfkw0katp0frq,311,1
osmo1sccd3r5cmx7kdw2v22mdl3zes7at470pjtkuf2,4,1
osmo1sdl6985lnvu75kajdfp0e4zxljaqzx8jrxx4cs,165,1
osmo1sekman6838k3rp8g9ukhx8ywzjsacnvrs8apay,272,1
osmo1sppkn089r2dvvkpeujnpu3zdwhw7kra2jwdqpm,281,1
osmo1srhywznktze4tr4t46386md998xv75jrep2dtd,58,1
osmo1suyq5drf66maj3gqd3gu4ypzprp5rhmgm3yyz9,86,1
osmo1svgur898gywpk4gjjfeqak6u503w6f0m99344v,50,1
osmo1sye0s792vs4g8vsansd5v3njc46glgal25z889,228,1
osmo1szdg3p4edc2dglqnlesjetptjvt4j79jrp4d9p,117,1
osmo1t30r96glpu02p6lce6afz2xzjwnuswaaq348cl,68,1
osmo1t39rru8x23vpjn77f8232pjhc2255m635gffe8,24,1
osmo1t3ajryk6y5ljfk85yxhkut73f3ex0e42mk92jw,2,1
osmo1t3dt7zzrckv0wkuq220xxp2z53g3g24e9983rd,71,1
osmo1t407j6x488ggunvxvql6hs2wamjkrhp7xay6fq,39,1
osmo1t6a3mdsj6s3zmx54kx5nzf9x2vaq4sdwde9tv5,229,1
osmo1t9dgdhxuvtdwjld5efzmm054z0mfn3v2rm8k3s,7087,1
osmo1t9tln87zttveluwjuhcspjrceasw99eddgxtrw,19995,1
osmo1tc9ksjumnr5de6h7zkssf03upsx2vtkr7kvk3p,10342,1
osmo1tes9yarjlf2qej0p0qekak5wqexuplxy0vtxpp,4,1
osmo1tjajx9c75kguhdl65masvyfrm8z2d48trqx68u,2127,1
osmo1tl0fphckklwflvr9mr25g3924nq99gqc288867,85,1
osmo1tp6kr6rk0hqt0n4j3u2ptarm5ha6nsan749zg4,98,1
osmo1ttes6ccqws4f4zqu5fqgr3p7rysl2eml8wl77a,126,1
osmo1ttlyy0ztt3n3768099wkpvxyrhyu2ljs0rt9er,39,1
osmo1tvrghc2mnywvw9243s9npxjcvh8dsa20068jgx,37,1
osmo1txqlp6pd63a8vw7wcnnhrrm9lmj00av2kgcgtm,48,1
osmo1ty6q0dlm0awe9pjzukt0e5c49xr0hx85eqfh6f,1075,1
osmo1tzp5uu73zh8jqs0lp9xp56r383g6qc4kr2guqd,120,1
osmo1u35lfegly7lfp6wh6ycx5rsca23j0ds8huhp27,12160,1
osmo1u3dnrrykx63gf654zjkpazlch7plzn07rvu4vr,72,1
osmo1u58jnhd5l40e949jrvs6zyjlg2hg4qak24v20q,189774,1
osmo1u629q360aylyzf6snhr0ys8h8zz9k96udvjczx,1464,1
osmo1u7t3yse8u2a5ncpajcxch47ppf2ym8m64nx6zr,82,1
osmo1ufqcl29egm7uyelnm5ms060smgdx4ftwjemu2m,569,1
osmo1um5fnhlldhx0a4zapp6k2hssr8pvnhhu4lnkur,54,1
osmo1um89p3wpq7f8g4gav6aywv354jwgujgx2z6dp2,25,1
osmo1up6mdzadl38jxyszjh8apez74ku282n0fyq4q6,76,1
osmo1usg23qqvqv0z9pplv5qk4ytp50ztzav3u5athr,48,1
osmo1uusw8g7sc20dme40660r2mnl28u2d9mlddhzj0,12,1
osmo1ux3a3jhv8lzyz9sf68cwzgqghc8tgey7vvc3ja,473,1
osmo1uzvprlh5t4ne6zhlnz8q2kkdsh7sq8xgv38xgr,295,1
osmo1v2kzvl50ce9cauqc59hm8w83g2r9fczmnzjclk,41,1
osmo1v9tcj684n74mrvzqq2desrjmje0w76fsdheh85,23,1
osmo1vh3xlg3tqnzyv4xpaxp7mcnf53cy6eczsg5kjh,307,1
osmo1vjfxph26xp5xehsw5wzr5u4943qd8kw8w9mmkv,11,1
osmo1vjxupvygk96j5df52a22h965vwdqftdmskjdrz,56,1
osmo1vs8sdrdpu93kgx4t2xue6eflkds3hchr7hw6ty,86,1
osmo1vswggcm9l3svmpfdz9yqxtyqcucdncpyxwm7la,267,1
osmo1vt6kn05s507yczpmtm3ehpthlzs8ygna68jma4,72,1
osmo1vxj9svznfqamww0t2ms997rsesaz37ljphe9t3,19993,1
osmo1vxzt3rejk9kf6sprk4scwe7gf2uul020mcrcdd,22,1
osmo1w6k9drd4hvnnx8y9emmdc9gcayp0m3r83u5ga7,16,1
osmo1w8jv942m2qut5fwha73s5drfck373fhtaj86w6,7,1
osmo1wac835dv8qttuwj9ahvtgfxkhs4pe9nynasmx9,106,1
osmo1wasczfhl5y36tnq498276rhkwkj80xn8rrvwe6,2149,1
osmo1wes9wqz5r6lvyl6spcq7eepged7c3p92um5yne,51,1
osmo1wjc9yp57x2rkxtyg9uetnkuvu4zgvxjj8uzuaa,59,1
osmo1wjgdpc26cmz0ufzd7vawc6amvea8223mr3f5sg,46876,1
osmo1wmz7zx279uuh88rqvy5f4tfdejg3lq6kcwwj2d,53,1
osmo1wq3rg4jjva3jf0m7ad2np6cxld4324676rklvx,44,1
osmo1wqfdfs9gqrapy2p2vagg2h8xak0la5jpfjtnrp,170,1
osmo1wtucg2xnmv8nygeegyss795usflnmxzqshfd82,8,1
osmo1wy35sqgddgtqvey9mmj33mc55yx64nh52djn0u,44,1
osmo1wywmz35pdk2lmpe33k3jgwgw49wqp6k2xrhqaj,104,1
osmo1x2nqnyugn2j4qr5m22efrsfch5f523mdkfxssd,6186,1
osmo1x3gm4hhn63lsv2vfsjctgragjdu2cw3v6uru8n,135,1
osmo1x3nekt8gq0cyayhq0reecjkypmt2phll2mge74,0,1
osmo1x498jwwxf0wtfm8t73k79q8t8jckf8elztjl0z,689,1
osmo1x7apuapktxh94zfjrnezrswa498kcpu7ljmznn,91,1
osmo1xcltqgze9gdglfhyuemtafr5fsmy4v7tww9nf4,72,1
osmo1xdwuxq65r8h3myxtdvhkp73yyn6l8tl89ytreh,28,1
osmo1xl0s46qc4w47dywtmqh05pqau4aucyvsz8jezz,5,1
osmo1xpv0zkf2naujju2dat3wzwepa766glra6q09ux,132,1
osmo1xq2rajftv9l7ppaqw707pnrn2unrkeu7fxl6zr,22,1
osmo1xrpsfcpfmayysj4q6e9gghf4888m2zal8ln3xc,91,1
osmo1xsuzrj2cvhpltglj2w9r9zxnyn6m0xxl767ck5,101,1
osmo1xxfrwvvmarz2683ncjcnsjpcdxf9486uxjg0zp,542,1
osmo1xz807dmng5njnjjw5pz8lgmnrr3s86zvpstflz,12,1
osmo1xznwkacrychv9gl56rx4dnvdapjs7waw2fu6w5,61,1
osmo1y06mj6e9r5gth2t2r97lrt96wa94qaj5hq2csz,17,1
osmo1y3pvt87ukr0tcaklass2jktjke2peue46n8jk8,16,1
osmo1y47g0yateww7yashwjzh3qu0d3g0v4u55jattj,561,1
osmo1y4hjlp3zkev5hpdp39nzzp9wh998hg6ryvuz0j,46,1
osmo1y9ap4uy2ea6hyc94j6pqwnkkzxacffvurlzuk6,60,1
osmo1y9pnkrxsqup30a3c34gm8erktkjghtw0ljvx05,31256,1
osmo1yg3sxq7c6cj6pshn5rrewy7lc0c7zvl37rvgrt,29,1
osmo1yjl2l0d884jmczna3dms3qs09f0vwy99hwqwfv,531,1
osmo1yl475lm0ehtsndah3wcdp7xqvwslpk4n47fhtc,447,1
osmo1ysxejvfhr9teehkdplrs4l0zv26xscxqpkqnat,20,1
osmo1yuhmcspmgxau392q54kscpmlkmkfurel22ykfr,9705,1
osmo1yvn2c6ghds2resc7havk6vncx9z7kx5e00jlmr,270,1
osmo1yvsyew028u57vsx6ncstfmn0x2v5ejpjfx9z6l,328,1
osmo1ywnl5zfef96mddc3qckc7hlssc8t8sd2slrxgc,51,1
osmo1ywyka0p6mwhkv2ec4mk4detslzd5nl5zhh7722,596,1
osmo1yyka0eg3enjpyqh555rk9rpxq6q8vnnr8uy3y9,30,1
osmo1yzmwuyvnyvsrv588auw90994jgtnw4flhegs7w,22,1
osmo1z2zg747h4e4kdaqpdgvg635anq2d0ec0y7aeyx,1,1
osmo1z4xvttf7t3962gj0d9tpz70n4hdsx2pq86k2fa,19,1
osmo1z53zpxl0pwav78f94yqfzh2682dzg47xss64ja,59,1
osmo1z828prxnngtwtt20jjvxqueh2umdf6whn2mkwc,77,1
osmo1zal93xmcj2v6kv2j004ql3lj3vjr7rdamq89x7,17,1
osmo1zeqyusa7jce3lt49te8u5mqywp9c5nn4lrtflz,54,1
osmo1zffnhl7llczse2ujg32ae7udf39aqh8gs9ucyf,42,1
osmo1zgn9p3yx46eccmx5w3fkxh9zm7q5kgl85c6rjd,21,1
osmo1zhutv2ztcdf0fnnk34kk9z2weg8k7a5zxhnj5m,999,1
osmo1zljdkkkzqhucdx4nrln6z3d3s6mvxxkhcq3fdc,62,1
osmo1zmk6sh6ahvg6wt0ckqvdxuszm77jdpk692u0lm,4358,1
osmo1znv42klfnakcv3zj2v5wa5vkyaytflu8y63cr7,53,1
osmo1zqnjtpesy0vfrn7nu7dux0le347379hp3lgy3m,13,1
osmo1zu8qj82c4s7gvkjnvzpmzfsl7lgzh44rggw83x,9,1
osmo1zux7jznvl46v4me539vhwdn3454mfsk34xvqys,41,1
osmo1zvf88a3czk5h6n5njcvcw3y5m0lvw35dx0ttwv,9,1
osmo1zx7v064gq6rzdultf934euyadcrtc2zeyekmja,15,1
osmo1zxzlx7cje63fxua2pnpe80hqvlvqxc50ax72dh,40,1
osmo1zzum2v3u3mlv2hsr7ul9slcf0p606rw2f4tt8w,47,1
rebus1d030m6er3kyyac8ed7vqtn0zcwsg2xj2zp7l2r,2,1
rebus1h7llerv4ax6rxwqj4g6jl3jxymrxx5ns0ss9fh,0,1
rebus1j0yfmclmx2krtxqeldx7yc4pzm3tt4qq23slku,429,1
secret100qjn2nesdufuwec4w6gcsv02spcgfl75m4lye,14,1
secret105gvd7dnzvfa43596eg9dwqzp845egdmq5u4w7,165,1
secret10cpr93kjhacxuvtynju6q37a07zqzsks2rg450,794,1
secret10cyyaj2sedpr0qzt0689rxtudlpnh2mujx530f,23,1
secret10dlzcgjwunpuzuyxd6y4fkkmx2nugr0tn2grj0,10,1
secret10dncj7hn94r4mdp8xtcvha4634w02rdjajdqka,16,1
secret10glkg7lh5k7s5u8u6m8f9mx26k5fldy253cp6g,96,1
secret10kv6s9kw3w9u2yhxxrmzlkl0cyg4ksh0jxwngm,7,1
secret10lu2sjprzx6dth9czlvxpwvug2qamh9pk6v070,18,1
secret10msezecy449gn2rt08p0nm9uthmyrvcwg9x2g2,36,1
secret10pwuxyyhemrr3f2jljd2r2s5jcxac6f55jty62,146,1
secret10q24rlmq3tlgp7kzefgfv98pqatvyqun3te5qd,18,1
secret10stuws542y7acvxzpxarg7vmd8zdtzna8h7z99,19,1
secret10su9anuh23gn006ny7yajg9hx03phd6xkwmywj,107,1
secret10wdvaaezegr8l79juxvt4rge47p29hkazwyz6m,11,1
secret10wmy5z9uglj95kzr6mrf0g509x8z7mmvjdyl0q,396,1
secret1200s0rzp8yxuuw6jctryp4trtru6h20h9dvh2y,32,1
secret1209yq2ty9m4av6cjuvtskmwjhxeydwv9uz9wzd,35,1
secret124qxsk466xqqe2fqkhe2y74xy47jmgm5knsh0c,2470,1
secret125xt5crjqr3ql7k43tvj84wfdfhmjsuufxf2m7,273,1
secret126xngqcmae4wfr047w32990xwtkq6r5phycrnl,295,1
secret12cenjhnffnlrj66xedafjx72zvlh6cyscnrl8j,19,1
secret12e0u8wwvpglyw8x4g33j5yweqsl8e8mhcq7x8j,131,1
secret12ehn8awgxut6w8jy6rr6f9nyawsppkuuap5rc3,271,1
secret12frn73t5fufy635exsu6sz6n0tudc3gdlmqglv,5071,1
secret12g28fw3fx9tymak4kj4pux6nnmngcm3g4vtxfs,20,1
secret12lae2qxhw862hqwyrsvpjrugfftjf825q269nv,18,1
secret12mlzf29v8zdqc9nqver2sddxpqkthqgqsykg7t,45,1
secret12p4xxcew4fp8xcg3m72f66lncztzgx3l5wuf2r,13,1
secret12pn9f5d7jrtxaamvgc7vyaa5rtvjtk7fuml3p9,4,1
secret12v7tr2mxf0pzfhmejz8k5r2tk27w5x49vwrrvl,66,1
secret130d5yenck9hllqvut7w05a80nt6jrr02q0j7dn,174,1
secret135yh8c6lmtla406gtwlvsr4qdlcx6he5e6evt6,22,1
secret136cq0cs8aj2hsvluahcd5tr432vk98zxsl0qc0,43,1
secret137rtx90nalergpq6z7ymwa2yet3fhsprhm3rtp,28,1
secret137tv5rqdyfr6ceh9jt6zz2kadv98qlh2z53lk9,6,1
secret139spe0k0ftzqxwd4leutdu0r7858psp9ft9sxp,120,1
secret13c57vlskdkkgsnag3y28lzhl0wg83dgm0hzcza,61,1
secret13e04c7f3r8hvwutcfd02f3hlqcfsq40th35ulk,10,1
secret13hz8m4dzw5xcc7dfp086uj3hr80pnlxnnh09pd,52,1
secret13kn2d9e346jgdxgr8fl44rtgz0dsddvwkk8q00,28,1
secret13kra8ljmrn26s5yskcgdlzyjyp838kksurasg2,67,1
secret13l32w5qh8agthgffe6qry0mrn5xgk4wlnv09l0,46,1
secret13lg7ycd2xxcjav4nc3d3jjdjhzeny2nkyxzj5a,38,1
secret13nsnvp93sxjcvcvh8rugjnqfylc6erqm5334el,66,1
secret13prutahffvv5zplg3myfpetgdkfz3rtruq60x8,501,1
secret13t7tflwj0g6nq3htydftyrqx7vr2xppqcu40j5,20,1
secret13v2djdkk34fx36usym2h0lx3jaeeu4ztrda8cc,63,1
secret13vz8k3ks0dfr099r5sv9ln6jt2fyegr2h9776d,21,1
secret13x3rqc6p8zq9hhu3vz6yhttu9eaj9guxvehlgr,39,1
secret13x9q6yvflkfgdtndru6j0h5yyknsqh4x8f2mcx,41,1
secret13zqmf2wnqtdcgt36wx43z3fych5wen6tu0smf0,142,1
secret140uhtztwkl6n8gs98xqlj5nll0lxzqee3ts9pq,11,1
secret142x9mx7sr6teng4xw5fdaa8td5vwa0u8wmk0dm,28,1
secret143ftpj8xxmc3ml0yprttvp6j7sh5xuwpdsdk6d,5,1
secret143spr0frra6evnmavu58u2t4ue3cnp8k8tr4qg,42,1
secret147fnzp2wqx6d5f8jlk2h25u7m6tfftwgkpe6y3,16,1
secret148jan0375v24hyruhwkcsuqlfm30mm4ls477mr,177,1
secret14e4c2ce5j89p8hzesh909yjgxsuukux25v03sw,15,1
secret14ec46z33f86mvp3r0s0nty0jh7y5gdfff8mcfq,12,1
secret14fcgm98k9sqs4rf0aw76px9vukhylp8zn04n28,6,1
secret14gtd8xee05cgcqvvghqxfe5tur9kwfga438wm3,8,1
secret14ka6vz7znnytmha4e6mvkplsv25tkzv8zuu78l,101,1
secret14shy6ctndleftm3lrdna3g0sxdcg0fjkgylawc,136,1
secret14thkzw74z3q4a8r83xvle0ujcp7403ejk7nmrk,125,1
secret14zpcz7jhxq6teqc5dt3arzx3pch425fctz234t,131,1
secret158htjasvjwkssmc6uhk69pdmp8998nzetrpywk,56,1
secret158ytp96c7x2qlwv7kg6yqy4xsurwczkjqejd4w,4,1
secret15anpkc3muwfkq98hu55sqn6vsaz798g6zfpdmq,18,1
secret15caev56zrar5my5uqp6c4zmzpp6vgvv0adylv5,12,1
secret15cfp7el0px0kt69qt86dkp78v6e5m0esyq6p4f,66,1
secret15dku0wsvts990h7rj5yn53gpeuramrnn3z3fxw,85,1
secret15e667w286yzdc2m7s8dknqhxg99ccfquqz84ka,50,1
secret15eqsp59t25hn0fcgycp9gn36cu0jdr4z3yvcsg,22,1
secret15h58hyzppgx9mezxnjyatk72v5hlfma6gtp9td,17,1
secret15hde09uzq22x4fhjm8zjyrzr3g246hmgmjd37e,190,1
secret15hlulj7m2vpsh2nm4cln44el9chnw0f48jpddl,17,1
secret15kkvryfd2wwnndxfl6sk7lqm04f72facgrpv4g,9,1
secret15qtk02q46zxxmhnjj65zqq2046nq8sshcxep9t,197,1
secret15spe637gyhecssdk4qlelm8wsv8wd94lhlg9kn,22,1
secret15u4awfkju44rrsenzy0nt7ejzrcpjlydvztvsj,152,1
secret15uuh9mf43z2wkppyepy4ahxpw6kc90mwe3w5xv,8,1
secret15xhxrk063qjyj3md7qg80yzhpynp4cpevplla8,8,1
secret15zzfqsalx5umxyczkkg223c72n44aj4dvdyceu,3,1
secret1648sqt3jgts5yswtzy4cv4vs46p8wzqgwqxmah,21,1
secret165r5cx6knfkq4pjv9wen7q8jvrcu4h8u9c666z,37,1
secret1669fexkmsvff0qg7euhjfxwcxqxzreuesua0cz,928,1
secret1679txajsumr6m3h0a58nale0822g9hap9t7a7h,53489,1
secret168m2eeanscl727l6629phggtn3v5pgk8wg5lyk,188,1
secret16cnuzk8rvk4weejgpg0htf709w5f7n6mzrxpj9,73,1
secret16ec465s3nnvljtjk0grstkkzh6l8r5fqqm4pe3,44,1
secret16f86vge66usvsvhsad6k6hraln0r5l0c827de5,66,1
secret16fdnx7yeyt4t66kzndahgeq8kfcsr8exza0f9p,17,1
secret16fsvf5dsn63vezh8e5vkawryscvd7s5jrxrwa5,189,1
secret16k9s6t06rkekalc3att7pxxhpfajr76zfftdpq,100,1
secret16rsltna9wa9g6ermsulmv0acklu0dd30rffz5a,551,1
secret16sqxqp9wygugz2dlhvn0jly3emcz2z7xs5rgqn,20,1
secret16wjdfs26wek5xmv7emnvd49pvvtcere9xrt7my,79,1
secret16xlmpdraaqy2p9w9x43z5vj2hnnydtq9f9n4q2,50,1
secret16xwe9qvyxgtaauwwzkvhfe0up6vlu25c4uyeks,273,1
secret16y7d78d66ctwx4gajktmlywzafn94t2ulqhq7m,108,1
secret172vlflf28yftnygsecvjwpmkm7ngmv3cgt8460,16,1
secret1738j9aejf59cy5klawjeqprv8gwn9vr9vh2vzt,29,1
secret173e2lgdncj0ym2ua8nkk9p0fs5t7q6wumnzg8n,9,1
secret179kvcdcq80rdfkduvagequ9cvsg7g8fcgckq2x,38,1
secret17e2ymx58udgxmse82dwyg2328pj2473tx02kxm,32,1
secret17eftvgs5neds9j6hya7v5sdkq6fkn4j2t5segx,66,1
secret17epagpvcw0dwsfgfkjpscdjcnv648p5hqkx84r,9,1
secret17hwagprd74rchzzldx4jxtnve0z72s36ymja23,5006,1
secret17lg3ed8enmauvc72f2az6g6qamlqlg33pgc8he,19,1
secret17rd2mat5dl6xsndd4kqq9eqklc9jdz84x0tgcr,10,1
secret17tz9w789tv6vkr7scex37rfgg44qqrt4wtrxy6,47,1
secret17vqht4qfscaxkts0dfguu4q0m3chqdv8tws0gn,2999,1
secret17z985ajrl7veypkyk944lvtw2uq9zdzhv6lt2j,22,1
secret17zfe75epuemn6wq5y7qu92azx260afsg0h22f7,95,1
secret182ps7l6xth5nx4ez3t4a2c47um6dflqvmsd7zh,17,1
secret182xuc836n24c45jdksrrdgn8zzvvtj8k8pgfrr,2435,1
secret182zqp29p2zdzrenncved7uzjex2vwtreeypd3p,52,1
secret18c2qxvvs4vdyted8x8flneuh08nt2kr5qzy4j4,6,1
secret18cshkt7qz0a3x4jpagtumv7734p8gl9jqc0fqu,54,1
secret18d50wqzlhxltfy6wr9cndw79avhwlmvg5v6vpz,22,1
secret18dn88upwkx7mj7k2e5700mk6dzr4qd70l8897w,73,1
secret18gjqy8dxsssnmym2csc599hwpqzatnvz5w8mx2,307,1
secret18gsxpypwfweqnsuyjrufmp9e3ppleyuryag32r,63,1
secret18ks7nkkv7n92hnzqrz72r0gemtvy9zv8y2yzlv,70,1
secret18rq79wuucshj9vqp0rh0tay74e4gp0cjtfppv5,8,1
secret18t84jufxn7873hvzkqcd3ad4xhm90kg83th2tq,41,1
secret18tcxv8hntzprhrulxp8nxza2dafq89rhgls2ap,1311,1
secret18wgs2cmq6wtct4wle04h9pc8hp6j0e5xls2ztu,7,1
secret18xuejswhs9937ju9nwvk5nte0dete7v4znurk8,6,1
secret195asqpj3alxd3kuus5ryyh7tn6fv0xkh3l67n0,10841,1
secret195vn9jxd2nyfjx6k6c460czj4d33kp272j52pw,7,1
secret198x603cpmwncx0zuxknkufh58law9ftlxfkl5a,97,1
secret198yh6p79d2qndmffuclkrlhecujq5kvgcr8dgs,2971,1
secret19dk06jkce7yf5pm7hx5f7xzw79g3dkz3lgpr75,223,1
secret19e03asl36jhwlfwyy2gz6dyzgmw53s6pejqwfu,36,1
secret19e8qhm5pustf63p0whsdxp0vu8xfx4vykt5n3z,328,1
secret19ehgdnf6cs4vve5q7epzl62w5edtdv9dnwva4q,242,1
secret19etqmqua5fld4mekyj9c7s36ks62kgtg6m5uvh,51,1
secret19fa76x694slnf62q069xwstz0fhqya2rn8cnjz,294,1
secret19mgvgndu5n33ptyqzn2yppz32suazuncy56vef,96,1
secret19nrr0cr7qv8gstse57fxu6s8fef45qxxh4u50n,96,1
secret19pq96gvdwh3e82sjlqjme27uq8lk5pmfddklvj,202,1
secret19t5rertprx707nanw3tcn7amxcc2yr26f34lgq,46,1
secret19tlfp3rypqlf889qsp0snzm2fg3n2nnsf7894e,66,1
secret19tuznvmgq6z5jjhftyx7lnrmdz07jqsy4q5jjc,22,1
secret19yydeaugt38ttmrjmuvstw4xnerevhpalzyqwk,213,1
secret1a4xa9e4g6el7t56yj8xj6xun288vzhk54st0eq,28,1
secret1a679rztjyrzyx9dphrj2dtkaqqj2ydmh73zs7m,36,1
secret1a9pw9rlnp59ktlwl9qf442k72v35k62eulmug8,113,1
secret1ad7yl8l85y2azx0rmhucn4f8xdmzuu6qy2t6s8,21,1
secret1aftv7hvhlczu7hu2zv3cvqs96hs74s70am4kvq,24,1
secret1age8l7qp6uck7uv9mrs8v28vfujsl27j9fesls,22,1
secret1agq25vcwrctu9ycphaw793hjj9030dpwacg78f,11,1
secret1amrtsef2pfypqrxt4zvvquva3p9zcwzmm35ddm,82,1
secret1arg2wujhpg2wrpquy0mght8yz84y6uem0u3a0e,6090,1
secret1arsnuwx0rdz8kxrdtm0rpl5xtcmar8l6u83jn7,18,1
secret1au433vj5uayz0mhj0x2w863xhx9tz0nh2ee37q,86,1
secret1awecjlkuvmwtkwsncpxgnpfqwqyramdukv98fx,965,1
secret1aytud4msukay9jpfwdqmp328n5sx2vjpppjcpr,48,1
secret1c49wjcsraw9ctnu4nnpsq3gzapcz4ceuwneqdq,2033,1
secret1c53v53kuj2s9x209kf8fsgy6phxhfcp0nf5hd8,64,1
secret1c6vzjfvg8a967uy8a29klvjx8lumuckga2s9mu,77,1
secret1c8k00rex6yrrnfjqwq0hxg49d5e9uj5tf3x3vm,39,1
secret1ch6m799rrd863atjn4mkxwjysls6vcju0kyhvv,611,1
secret1cl27af3r0tmw52nc2kw7hm67azvc7rt94wu24n,37,1
secret1cneznul74kj35jmaltw85qdtk3m08vghq36z6n,21,1
secret1cp3w8qx27d0pkas6w9vjgkdag0luh2nyu4s9qg,100,1
secret1cp887vmta5mlj7hfprnnk6glj85jg9ne5ae5fw,14,1
secret1cqxk2eawv0m7z24sgw7s20ucxs69uzjs8kju9n,100,1
secret1cr3p5yw8yk6m0w4z8zrmkz74v63dn3qz3e592e,50,1
secret1cshcgvvkhugqjtze7j78qg7vdzts5zeut5crvw,17,1
secret1cu4e2lh7aylzqlza9vu7r9n042v53vn0nc92y2,45,1
secret1cyayvxfugprxkuy8ztxhhy7d0jknr8pq6dp76e,9,1
secret1cz3jsvnnzen8p8xzxzwwl8c7vszkph0nmhldlh,20,1
secret1d0t745waynpx3w77wd9h3w46plxs5faq2er4kt,120,1
secret1d4hulrm6n0qw99dw0369zkq84qevdl8unqkhan,38,1
secret1d6yj7030w309y4w5569s69h64n9azqnnw39hla,6,1
secret1dcmh3tgnky5yspq0thahnpt69dnpsfhd3vsst5,16,1
secret1dg92wyredddhhrmxvvwk6cy5tdquhs7vcwm3ye,65,1
secret1dgku7accm5kjj3hmskqw05zxs0l53lcg730zcm,21,1
secret1dnlwxtppspyznpf49dnsz7x5ztyjk3vg0ylrqf,97,1
secret1dp6k7h7d47cjln7lct9wqf3xp6sjv73q70dz7q,20,1
secret1drv2w4e4h92sdlda8u0nwwjjqnfeqhpqlcrhru,28,1
secret1dt0nxf5gec7nzz86y75vye33ew5xvf5kjtmewa,111,1
secret1dwf4pj96jzdj6phl720tqmfue7g2gc0vggjtpg,15,1
secret1e2dkg9p9qjvz378fh4et3r5q5kr49yrkkdt9fa,177,1
secret1e56fw3w2d0yhp2qk2tcfzhgzm8xdvwjlmgm9gm,3054,1
secret1e769vquxdu0v8uqxc025jamav2l06q9xj4z7ye,86,1
secret1e8yfwfpg49dunnp80qr2vw3h86s9vsascxgx43,42178,1
secret1e9646jl3n7r5pgae8685c8m6edxyz9lu30p8al,301,1
secret1e9k4zfhcejh3fd8h8dzpsr0tx3t9asg7tv0vf3,22,1
secret1eaqq329zzd2y325hkecv5q2knaj45q3pd0sj5s,66,1
secret1eax6rnttj0uff2gvgss3vcutt8gjmxyq7t5sm9,96,1
secret1edafd0l8zsgk9mrrjfhnkcwct38w4fr93t4ecv,25,1
secret1eetw7x0vh8lw2wj5hjveklfquq6r6gm6m2lkjm,27,1
secret1elwnu9nj04rgkw5qxtq066tyjamnqwd5837gka,21,1
secret1elxwgx06svgylds49kd5zkyxc38nzpgml88wht,120,1
secret1emp0yw3k2djt89aq7x2rj6awuz70qyjz7ed8h7,39,1
secret1eqts5jqyc2dk9tzdrdnxc9hjnkhsad502qvmmg,85,1
secret1er6pd3mrnmez46c8vvayndwezc73lsz76lgpfm,42,1
secret1estttafsmu28h0enqk8jwms0sq5vv79parqfls,39,1
secret1f6rdr25tcs0gv40c033agxs44jk6hl3kfprvx3,181,1
secret1f7k363cxz6a5r5u7raclfppkcapsrlkgedjh5e,558,1
secret1fd0cvr6csurlgp5d03q28yrwn8f2f09ts9qvdv,141,1
secret1fd6m9geedppp8z2ude5mxhkg2q8qt6faucd88v,357,1
secret1fe38km3tkn4jptvnraxpky9dtcnz0qtae3mkl7,16,1
secret1fgpd67ynytwrz80lp2x5746r4d495zjutq45qd,36,1
secret1fgrtzcsscwy9dc3wfh9k97lrrgty35rn27f2k3,1000,1
secret1fh089uv7n23xuy47yq96m6f4l3hlwkwhtut2qp,57,1
secret1fl6yuyhhka0vf2jw3aenp3pd8ky8maytv8n88t,114,1
secret1fp5mzw00c9dymwd0v7y2snae0twt2ey2748x2w,21,1
secret1fq7utxmgq39g6mvfrkq96ed3kjct6snfkc809v,110,1
secret1fqk2lktn5knr6qfhqep7zqru9uysg3uqn0vafd,88,1
secret1fv5qz3e0kmxw2c66tctd9zyhwd8g0kce9w68sk,57,1
secret1fvkjaxvvtmw09qjqls5m7gk66vvfh0q8ej0sta,66,1
secret1fvp0drnugk7q7kahk625s98t00v8g9pd5sq6vu,37,1
secret1fwft7phu59x4l0kxmkyafw3mg3l0epw22c8y7l,72,1
secret1fyje2j6d023xt6eymnaeeqs4pav5le7y86pcz8,16,1
secret1fyl8r257j5mlnxmumzwxs2emy7pdnmgljxrv4e,24,1
secret1fzr58yhdlnuw5c4e6ru2qeugp4uj6s6rp3cnzt,44,1
secret1g2gf5prnyhq2wqqvrupd6srcqkjq7af7ykhx3v,42,1
secret1g5xf9jt3hd0agwmzx8d7z7zhg754wt7rhg6508,53,1
secret1g7cg422ct22z9mmexmzdwh00uxvvy5q59hq6zl,24,1
secret1g7tpal5yy0qgn5xs08hg9avyf25t4d6ahfh49u,136,1
secret1g9htqypcyvfke2l88mknkkh5cqthyv720t8m6s,66,1
secret1gfmrratak8jxp7slkkj66m962jentxpnuadc7g,118,1
secret1gjhp9c7n77034pehw7ug94elujjmn2mh8asel2,20,1
secret1gk92qamtf42rjjrv7nf9l62zakpftm4qpcwr52,866,1
secret1gljpj0x0kectg9smjgz0jj9pwnpgselx8c303t,6,1
secret1glsdycg3pedzanva2mz8s2xctx7qyhrtcuzzan,21,1
secret1gn2g5z5s8neea62m92e6fxgmfdur4v8gm9dey2,66,1
secret1gpzs7yhea839rr64psan9dmek9zzj9hd6ka266,53123,1
secret1gq2q73gvlf0mshyrzxf4p730palash33nxxaed,44,1
secret1gs3ymvdft6fdjx0yfyuzhy6zw764as0cp852c6,22,1
secret1gsse9gnkw2duy0kcmzcg94kmngzanz9p2uq758,36,1
secret1gtarz68z83dm78kyqt3lzdtdtzlxv0t5eec27w,31,1
secret1gvzemr6dqtkv8537du0xynraasqnxtr4nrn0ck,44,1
secret1gy3vf8ll9949vvd7w35j0h7qkv66w444d5duuv,38,1
secret1gyf0u0kjl3jpaj0rup5kfulps3wq59knzppfc5,25,1
secret1gzvt5d2q2e60umeclgyvsxtme8crlyfeaf3fu0,46,1
secret1h0368lp5qlpg5gqv00e04ury9gchwm93dhn2v4,24,1
secret1h2xxq6hladxh776zhldrpc5furykucmdvy9c6z,493,1
secret1h4x6rgjudluwfwpjdnhxaash69l47knn3h799u,103,1
secret1h6njsxnjql8xrm64t244hm8904ggndy70rpqtx,17,1
secret1h6vr90y8wl28xnkfwax3766sfyq7l2kmmnjmaw,14,1
secret1h84w99w3zh8gfaur4z2wzzyk75s35z3g0an9ez,10,1
secret1h9e85ehgvc864030lkgfjqv6w7nks7fwqlcrkk,81,1
secret1hdzsnt5c8qu4jsq03fejy5kpydepwl57ggwa0f,46,1
secret1heea350vmq5nuc8kllhk6u7ufysjvseyjhn7ha,9591,1
secret1hgvavs934lh7yemg95cp45tpxfyks0nz6rc65h,46,1
secret1hj9ym2jgsu6a0jjf7yq4t4jctnue2w5veg2qzk,82,1
secret1hk4lnjddtut6xegrl5hwa2vp59tqex3ldwwatf,66,1
secret1hkd7z2n04yfg4qwxrtznpk8pktr27dq78kmc3l,22,1
secret1hkg4d55fdfzu4wthudfd55hzevrqp6g7ql3hd4,32,1
secret1hmwfnsmjmfw98tqzhyj9yhds0f4prt6yge2agn,54,1
secret1hp0fezgrw005y276ckm2464gtx20h3w4ksftuc,19,1
secret1hp22nl5s7nvuyqz69cymwzx78gxvm47ema8qfd,236,1
secret1hrkzag09me69jhwt04e94x8x0u8h6llye4d4r2,3861,1
secret1hvfrfhcyddewlk99w9yhfr5qa774yud7nqwmuz,5412,1
secret1hvjj7jld2t6vawtcws55yfxzvymweff3pvngrl,28,1
secret1hwdua27u7h6s39g0rkm77l6pnzw63z4nsnlug2,26,1
secret1hxsvq0ma7ps0fh2z7twv4rq6pf4ankcfrrnz7e,4352,1
secret1hxv5uapzt9gp904puf9j78thxjk0exhutftnrf,22,1
secret1hywaymw5kv4vewhq6w44qg0dekg95s8ae4q592,50,1
secret1j0a63rnncuf64shutmfjy78kqreq5xsfq7wtwm,379,1
secret1j0w8amcdezvz8p7px65tlhz6yk4m29ax462fwt,61,1
secret1j946nwne8dpgqwwpvht06uszcrdwnlljvj2l8s,24,1
secret1j988vvf5h6gvax4ynqm6z3rpcue04qxh8w5mp5,120,1
secret1ja5znckg8ll99tmp9cntrjm6wrefyz3tt7un5f,66,1
secret1jamjt6l5ag3ngntqhgvd7v3cc8mvmrudpqzz4j,433,1
secret1jcssvfv8v5swvhs2a3w06mqzueaewqsfhg4z5x,103,1
secret1jd2annhea3v05d8prswdfqnxndsk28gndfpwcm,11,1
secret1jfdp9m5dheuenl3fltezxv4ec23t8cyp8vumaq,39,1
secret1jfsnp4zhuas3pjs9x30tt3jz2m0dvwd2n0sate,33,1
secret1jpy6f3e4xa5glapryu5hhtmwzxn2z2k423z8eh,31,1
secret1jq72vcl35mpy5rp4dc73vs80878fcz3w5yw63u,20,1
secret1jqfjmfgz7mjzdfnn3jl6zl9msrfrxeqqgx34rj,86,1
secret1jr8k8w48u2j5373r9zcampmluhkmgx0mc5ssq2,19975,1
secret1jrq7zaqq5ax0m2s6mv66dprtq2xka8hhvre9zz,194,1
secret1jsdfyusqg05czlw7nv8g9r5xdlm2fcthsnznfz,3999,1
secret1jw8d34humr8k6gtzuphtp5ajpvsj53rqw5zf0e,243,1
secret1jxk0gzxa53x2r02tt7el0lchsutvgvj2f7396g,44,1
secret1jxt36xefjg2aeqdkul7nhrvdwc3vsp3rj42a3e,15,1
secret1k2l5vs00erlwvpx9qp73tl0tcrqv0v75kvpzcj,521,1
secret1k6q6uterqvvjdk4lg3422rej6vqx2jmnxsf9kc,85,1
secret1k75ljvjpkxv74dpd7cuu2rk48vwqm466m9jxlr,27,1
secret1k886405l2frzw43hf3vl6ahu04va2rqydvsm3p,34,1
secret1k97ndvcg20s8xn7ggksvstpm0vpl804uw74h8y,37,1
secret1k9t3s58ngj408v5qt92vjvnejmm0pxx42839hg,128,1
secret1k9xc0wnx4ylmdttrmucu6dluq4cqww0n33lk7y,18,1
secret1kd6w5eayc6nm79eqgkfsn4ljjs0fmkqyvqn2pj,53,1
secret1kdkxg7ad0sl9wcj3al36548t284qtp6h05tpqs,42,1
secret1ke4rj9hgcu2d6em55dp0q6z4kd9sd6sqshu872,110,1
secret1kg3j8a7trkk3v7zjjukz47ccedlawdtahmwy6h,17,1
secret1kjwxf4gu98wga0yymg2fgle5r8wh5z0cz67c7c,60,1
secret1kkyu2fh68csxyj30w68gtgev44xzrmazahscdr,44,1
secret1kpm6jt9ddgjq43dxwpz49tq7f0jgml9r6mpq8f,28,1
secret1krls57xly82w74nr9zsv2h7glntyjw0rtk30s9,6,1
secret1ky3q0x3lw8uqr0jqpxkmmn4kke3qmsws292wgs,19,1
secret1l5nh78kjs4urplsj8yvahdvxagydakfum09x8h,67,1
secret1l6yzzdtp3gvwvvl4ytjtgdkh6g5evzfkcv3500,17,1
secret1l7emu09q2exdctslqjm66874u2c4pmq87t0jwl,10,1
secret1llnqkvs92fscg4tsavr9zfkvensefhpg9dpesu,0,1
secret1lrmrccyrnfcwy0wzht0cy7wn4w56h76qajgcn8,178,1
secret1lxqlfw28tfvxndjmqpkdl59sp49e2wd7t0uhsp,120,1
secret1m2k7788msdfvhmp3ewl5m3f6k7k0fxq9yznlx6,193,1
secret1m5c6mzsmegkyvm9gruqqnf2pv9m5hnm2jnlv2c,141,1
secret1m6ler97l0ar0dgjpmc525ptggkwrc95w7yy2p9,166,1
secret1m6pvs886m2540sp6ymtrkkexk2m76xmfa7kmrq,13,1
secret1medxcfjc4xhck30s0a3gfp9gn8t72ggqdepnya,71,1
secret1meghm6y03elafgcdfxkkzpn7fx6hnjhaq5gj2q,98,1
secret1meksyd2zqt4vudl0gr92j4uuhlrgt92v2we3n3,23,1
secret1mhah8ud0gpg87hutytt4qrjxgfqk9d47r8u8h3,16,1
secret1mhrcrcgdhhsgng4a4hm4g0f6lynz947funlhl5,9,1
secret1ml04vgmpma0r075thsxnwnez729vfyeedlg0sa,74,1
secret1mlszr88gp3phcn38nkt0np70gn9y7k0cpzjs95,60,1
secret1mm7gs7wgq66a886fe2q6uvpp4q8eejue89ndde,58,1
secret1mntfm7y0h6ez993997s40k5djg4l0efxmcggkx,993,1
secret1mp6mvgzm9d70gtx9u7x72meh8uk0kk7kj70xnk,6,1
secret1msgkpn8egxdgdd2dal2wg4u73q7w5swfjsc0kn,270,1
secret1mstl29qsxq6xcx7ryhdvua0aycqyv9zcunw4s8,20,1
secret1mt2ej8553qm0xktg5wvhq9u5g95ycs6nkq4su0,34,1
secret1mta0sszl7pduwaesgf3kd5msnqvtmaq4p5wq7r,46,1
secret1mucwjx84retzdr96gfzyg3h9wh5q6taaveanzu,9,1
secret1mvp465e0hdv6gs5z93h7fv9zjuu424y67zmqpz,53,1
secret1mwa6jusuxe3u6gueu8atxw296uhg8rt4a5d42l,19,1
secret1my7qv9eugqzxzepxwrnux68u97zdyq3zeh0ta9,19,1
secret1n04scm8ryze7c8edh5pm8d7njx9tg99qglap9r,1419,1
secret1n2c6nvlgmty49j28v6rpsj7acwfhf4699lt8hn,10,1
secret1n2q07g8ns5pjpt2zj266ycuptz7c8wd3cyeka4,85,1
secret1n4zuezgjjyleakgxq9vt79k4a9qaahn8sq2e3y,32,1
secret1n7ka874fmmgw06drap6g9dg0xppge3pz4cwfvt,27,1
secret1nah6uydlcxn6nwskq3gf5nkcufxxyy24ekraem,76,1
secret1ne4u7nsun7ujranu4tq5w8w7f7tat8aen209qh,4139,1
secret1ng06qmecy77e7tk2xnvesstsfhqz7g3uf0pwr0,72,1
secret1nmga8232sjnmgfnggh5v54vgh5kk7n5wgyqng2,188,1
secret1nmvg52669vak5e8n82hdgn0adp22sf32m8u8l6,54,1
secret1nmvwky6mvqp3tsv0m4u5gf9ln9mazvk9mszn5q,23,1
secret1nqmem2zjwp7qqkp3trr33y96d86kk83j3nsur5,55,1
secret1nshc67krpzs5qcl8vxcpchz4tv49pc30makgw5,6,1
secret1nvpawpezwcu99luuya24dkj7fetnmj9nz44j7n,26,1
secret1p2amejvz9dpsm0shl6vq45zzve4564vwzzv7zh,8,1
secret1p4fpds30u2a6h5lu8673re5fa46080q0tme26e,22,1
secret1p5msdr74376q3dvp3khu6pe3aymm33f57j7veh,120,1
secret1p72a7m2qsqw7ucsmja507k7xeu5gzlzdpdjqgl,52,1
secret1pdtv8yyh22du564vsyx7ezuzh2crccqpc9gts9,98,1
secret1pge3jh995vpvd4qu0y4u5nmav0kn308ew8lren,52,1
secret1pjay050lgnw6d7z0penmz0aq7uv2jcja2vd86t,20,1
secret1pnc44mve2l8t2j5knyyp050zwn6tq9dtmxxh85,468,1
secret1pngkdamjevcgymdh94nnz9jjj3cx74fcu9ukyt,32,1
secret1pqngyjsmp54sarpyze8790rcr84l26tsjaslzw,14,1
secret1pqrdl6cjhsa0s54yjld92hn29ty2ptgjwy2z2t,14,1
secret1pqwram7jhd9senx783jnt5f4vl4pl0cqae0y2l,222,1
secret1pt6x0jqhcxjexnexv3a630suspjkeumzj2drut,63,1
secret1ptesj95gtk0zyhx5ttfh3dgxy3h6memk5rkt4l,269,1
secret1pujjehr2vtua6v8f409rk8r57pzq9nd8xp2qq8,18,1
secret1pulkzg966z3kg7xc4ff8jygknrfsuvxexw4qw2,191,1
secret1pvuq0hzhw3smrw9zdn4wk3hr8vhffwkyl0qnut,109,1
secret1q54evwemz4pfn9wsegshaukupw35ttdjjs5dxs,1094,1
secret1q55then6xtpd0et9daxl2sh8usxmz3sxyggan2,152,1
secret1qcu9lkdk0w32s6yykg0whxccf83a6mr0mvufah,175,1
secret1qe0jny3erp6ktevcphxzygd90w3edld6s4uuk3,31,1
secret1qeszqu0kmrs9yqucyrh2fs8292tdyv79y90q32,35,1
secret1qf7dgk0e7whwy7xxrscayrvtgefk5as04s5kgk,17,1
secret1qgshju6pydluajn6f3xcl4vhetrjhhk5fwq4ky,256,1
secret1qmha27qxzdfflc7h6hw40wp00g8fw7ae2fwugk,105,1
secret1qmj90mucppjnx3akc0q8llh55nggm8ejw7934r,45,1
secret1qmu2e7qqdncqck3w0pmumc5d7s2etn3rjmcn0f,417,1
secret1qnvxz0k6gzvz353td9cglsztqakwlhfnp94rxk,18,1
secret1qs7yrz0myaypm5h0zq6np0qq88r9cwzqke4wwn,71,1
secret1qsp2cgyn34umxyqeq70kwjqq6k9srjjhjt4tgg,66,1
secret1qswhr6xxadm6mz7cze547phntfz4wr8tawnzmg,42,1
secret1quaqzycthzqp9m30peplku3zxlyhggax3a794s,72,1
secret1quc2emg9wgvtz7hhtqu3q8z09m8te95d5n2etz,26,1
secret1qypgha5nhnl3kn6jt8xvpflpnk5wm4hcspvmwe,270,1
secret1qzjxrr5r6kxw4n3qtcnnff9hydq74wzzrah7xp,10,1
secret1r30a0z6lm69dx4jc2nhrg6uny809p5svxqy6n4,6,1
secret1r39g9n6zngmzdffd0d9st27cm5f7r78pa7kk2n,22,1
secret1r6fazgz58dfumgz03tu9qflqg5pqtttq3w8pr6,46,1
secret1r7cdtr4hsv33eecn3lskxwg7585le35d7hzs9d,116,1
secret1ret9njwt5vxg84lj38vzalwd6jt003wpqkpd7v,546,1
secret1rez2nk2z2d583c054rytfyt2kn04sjenx7hcgc,128,1
secret1rfkqevw9xyqq6ukuxjnwl6a26fpcyue66e2yeu,66,1
secret1rh3ajnhj7dz69cm3jmrljey0dwvxwqkrsvdpz6,19,1
secret1rkeynvqcp29zhnkhchklqhuq52r0w02kdqk899,22,1
secret1rl0csvktregc4lv6y55zrv7lq9ejrp293ewwzk,40,1
secret1rm0rlwewy9nl8d8966q6508rtfx00adve48m7f,225,1
secret1rsas2pxaauwqwga4jl6hmy09gv2pm6590p88kc,992,1
secret1rvvlpc9ksw5au8nchzm5x3yfpgfqez9za9u8kz,29,1
secret1ryqqzq9j0zsgjgjflkuk024yxkd6cghy0nrsja,120,1
secret1ryvkpcfysl74h8uh4vkrnd7n5c62r6dq4lh0jw,4701,1
secret1s08m5wu5m95kfg0skwyed0kz745tf844yaa696,134,1
secret1s0fnyd79vt4h9juqhzc7symayvwqda3xywz8y5,6,1
secret1s2r82cqgy2yc0amfhlw2g460497y4vsf87jw55,41,1
secret1s3vu7vngpt6dj38cumxddew64sgaz5yxpn74e0,18,1
secret1s6scn7xelj9nqxhfaptqzr2476ktc759eczz7y,11,1
secret1s77q04s8lq4uq83ekpemk3lf2c65xu3ld84wtq,21,1
secret1s8xsx63vm7tjqu0safe38ss5txzn4c0vjfyf80,44,1
secret1sd3fwv7y42gyg8tvpmxkrn2d6024kpdxvwpu6n,135,1
secret1seawve92z36dxy4qdmethfu0hx9ppzyq9wrguf,40,1
secret1sg58c63wcvg0gseup2u4sl3esfd5zqt4qzsef0,7,1
secret1sj7894g39dzkhua4mh87usnwf3mxtvvdeee47f,6,1
secret1sp4tj04xkj8jengwx2jkravmrnh4jlwcuck4ce,23,1
secret1sq9nuvlrv28mfhllh8zcg0appyu70uuke98f8p,125,1
secret1sqmc2240j59lc9ndg4cnrmmm8sk0jdn62xuvws,120,1
secret1st6nmt2j4mxg6ntnn0lw8297turz9zg37cqxcx,5998,1
secret1swx9du5lnaah5xaapqtf7fgvmmm6s3n9pnw98v,60,1
secret1swyfy6nxsr7rqqh82syp8hqyznwuzxgrzhc789,77,1
secret1szxml2vyx8akh0s7l7u2ss98u60av6zar94s8h,44,1
secret1t2d4z5njx4qju5rt2zrcs9zpzlera88qygw6fd,29,1
secret1t4l90phu6mjm6l7q2eyyw7nz6kgzwp8m2jwkze,1863,1
secret1t65tvmqql22lsyuhsfds9sx8g5wwlqt8yvtvp3,29,1
secret1t7gvkp2usvzr2awlsaaralfyjv5lwanzth8fzz,67,1
secret1tca262purvrlgraxspe7xnffv4swsk6jvnhqk8,138,1
secret1tgg02rxnd7lgw7n00lugw7elhr0dsdtq9n09qc,15,1
secret1tkmt4xsmvpvjsslckee30plgsdad3g7hf9wcuv,44,1
secret1tlmu8csqlc3wz5tu2uhp3pt2rdus98ra0ta0qz,213,1
secret1tmchngkmzg2584ju36j4faqdrduwgppd85jpyt,63,1
secret1tqgl04q3ccj8qlclg6m33z594nrpl02kf249lk,61,1
secret1trjxlfj0rd4ydjehm72njwazdkpdntrn7xqlf4,49,1
secret1tt4nxrjca9hhamn239es0uf24p5q0e9jcg0uyn,96,1
secret1tvz3yfxphks4wl6yycp0lgcm7vkrf8f73p44hc,76,1
secret1tyuqq96vxj6u6ltzx90nkc36mcnxzqg7jhcfhk,18,1
secret1u4p43uyxc5tvmxthsllgz0jykjffe0f4d56z49,105,1
secret1u4sez2a55xz0tclcd4pe26jwpr9uvmt958v2v4,288,1
secret1u6p36a07q3669fkf7048f065ppxjhmtk29jez7,42,1
secret1u9mr25fzpnkagcezq2ycn9mkhdqz68rtkp3lgh,63,1
secret1ucm4v9uqd67jhl6d3grd7px4c6ghnk7zf69trx,475,1
secret1uffhevqgawz47sayddg2ppf6t93ts57qlej82w,17,1
secret1ufkwuvq738uxtfyf6dsc45yw4vtn2v4qc7z07u,85,1
secret1ug0nsnfmkdt832cr7kw4x743ruqdlkhcxfxjw5,612,1
secret1uhu4z2pusz2veh2uj3rwemzd8cqv3kf2znx9lg,60,1
secret1uqu0pg4u5qln8n3ddz2jq6vhvu02vkz2v7pf0w,6,1
secret1uuyt88l2y589jup46gpp87rfqvxak77ktqhvqv,63,1
secret1uvhzmduv5pl8tv826dfdg9f236s403dnccuv3y,39,1
secret1uys58mv76f34qh2us7pf6kt305j3j29dkhsyla,1155,1
secret1v03m2y9ppc0ykk937ment07mn79nvpp5g5gn8r,57,1
secret1v0phnk7a6u360lmde0tcw9q4v79v7nuhxlgj0y,51,1
secret1v2kwzkslgua3wrt8xjx9cn9dzertujye9scu2u,106,1
secret1v38fg49gezjtqmlctyzy5hxh6vzgjppre5akc7,66,1
secret1v4v23ukmep6ns2syuz56ynl3c2uwce6d2jagkf,45,1
secret1v5vwp4zf8fz8f2pxjxa9x6nqkc0mncxxt5f9hq,114,1
secret1v6jd0vqdrwhtt0va2jyeyqpqqwkgukwt7spj7r,21,1
secret1v77deng0jxm0d8dfvqvr5caqvzmfvyhc78788p,6,1
secret1v797gveqf23exqmhy6lfxkqeskavuz7nu8s376,98,1
secret1v7cf4a5twkuphmc843h7u8xscch2p5lkcsuk35,18,1
secret1v9h23gupfhc0puqn0v0nj89g2a88lea8ezpmm0,36,1
secret1vazv68aw5wyuxgcaw3yxskem7gdujqpjmgetes,8334,1
secret1vccuwr5kxz9syxcqdwy95w3mrzm80843mcw8t0,188,1
secret1vctqxlt2ku7g243wth0e9k7k7zuvk3z64nftah,46,1
secret1vehzrr52da0slqhuwntpy36kjry0vwmy0x4tes,6,1
secret1veqvdze09k4tem6rgqjsel4n4e6fry5g3vjy7m,70,1
secret1vg4tdgy9d7h5mptgpdpjhnxppna9r5qdk77xpz,104,1
secret1vgfdf52ku2ek88tyrekq74qwlk7uj89t3skxcu,6,1
secret1vgzkypptzwkegsvc6gfcu0uquws6zj45txhe0y,81,1
secret1vkyyeqm7q6m5mgu63sadgmxj3xhj8vedaxamxw,1998,1
secret1vl0nzhce9untdpmpcmtpr44reh5pkcls9u2m3e,13,1
secret1vmjcfle7e3u7p3zltp329lw0y8jc90xcemttrz,53,1
secret1vn3hdmh56mpn675le0xc6t8wgdgrf4u3gnf9wk,14,1
secret1vwduwwfkpjyca9uw8mmsss8ujce0px83vr90dq,96,1
secret1w2k3tv9a8ec4exunrr8jvzms7sdlvmuq83snnh,763,1
secret1w69srrc7ufvcz2tg82vrs6qezp3qa07rgpej3v,120,1
secret1waytvrw6m49gw32v97sc2tp3l022czvhqplhhk,2767,1
secret1wf87lvmyu7ds5stdurhsnh6xq90rkg0wr23362,215,1
secret1wf9yaf64aaa8k9x0q4ph53p4234g9m90zr02ce,18,1
secret1wlnpwcc3nytzzyl6leyzh45p79wax7gacv2s5r,38,1
secret1wlufxflknkg2hpjveq3npjw6acd7w4lpp5gryd,113,1
secret1wmjztclsyemzyp7e70xyqt49fklwvrrfhwz9f5,73,1
secret1wp8cufgqvkfwrpe8h0664tgld5k7t8wvwuchu5,13,1
secret1wqv9ushz2x9003fzzdv4thffgmwdnt6lg20e7q,360,1
secret1wrk0dtqrz4vkvt8re8e6g4uu38pcyqr9v4pemr,71,1
secret1wt6a9hjlsmx3mp6cywn5939a57eupjqww32jyq,17,1
secret1wulu0jmjz4nkq73tm4zsynsthukec730z36863,22,1
secret1wv5gnvt8ftyjaaysxh9gwuccs8pyth6f8sg3zm,16,1
secret1wvtw3234j7gk35pwkxjg9ad5ktpadumrz840hq,6,1
secret1wzlner6nyh2pywvmr5h7m3mq7hvsdju3phsnrh,66,1
secret1x284gxtqx3ncarwhlpyg25ck30jnvjgdp0jzmd,44,1
secret1x98xaxp7jallauc34qg0320kg7yfnx2cap6t7z,51,1
secret1x9ksedmr0lz2vktsgmh4m2dq8kq3egnr99hkl7,9,1
secret1xe5t5rpx25wm0q34t6qeec892aknrmggruj7lf,90,1
secret1xfcv8n7g7kwfkw2ds884u7d0reds4anpzgj43w,50,1
secret1xfshpdtzwvu77zee9577adscpaj4vwupy4h4ax,6,1
secret1xgqvjkgdpxzg9pm0jpcjmdmupq2jcjtwq6yl56,53,1
secret1xlptgkgs48vmnh9x3rglmsm9xx0jfnqtgv8jn7,18,1
secret1xm7kcsq02484wd39urp04n2muvfkmgq6ayzfll,35,1
secret1xrhgqd6yc3rzl7nez0ed72lg6853d2xs85gyzl,120,1
secret1xrvfmwadp89k5zxvuxseaf3de99ghdky432dvs,100,1
secret1xuhudk9maem4ep7e7ssyd632qrl25s0yf3d758,96,1
secret1xusw6w64jc2zqg7q3paycnx6h3awfwv8ev0675,167,1
secret1xv9pxd24343aqumprw037m7ad6yvu9htnmczev,689,1
secret1xxq55qrxlqme0tt7rkp5gzvf0zjhs49dceypus,20,1
secret1y0kurfkxvvtuxtpl4dzqz4dq970rq4p86l5ak8,22,1
secret1y3gajgklpujy4mux5hm9usprdggh3nmrezn2q5,53,1
secret1y5f6uvfmyyd4axt853r8lzp9wa93gp64jtg4jv,42,1
secret1y5lw92ct5w497myzdvu980v206pxj7w8n5kk62,49,1
secret1y6fkkdnurdn696jpl99grhkwqxwjuqelnypznj,26,1
secret1y827ag9qg5cuh96ayyqwcmfq5f6rwcef0xdg63,20,1
secret1y85clkxt0g898rt36p8645d8sl0wmt3m62z962,97,1
secret1y8nae0etzjyr75t7zwna4cqz8fdrrm09c5sxy4,23,1
secret1ydd74ew8kew8fkjace5rmqj9yvsesae8vtwvj3,15,1
secret1yeugvwn29ft8w2g394le30rgknz6pu3jmp7e3z,185,1
secret1yfq09u2502grte3nlfv8pka7xndfzkukugpyfn,47,1
secret1yg99jyafy6493expr7vvc5u2dj0n7pn7clhl79,44,1
secret1yn2m7qfjnd77dlykqgkvksjx4wsp6j3vg2gtez,58,1
secret1ynxvagaj34q0t6uyu966crf98z55gusc48972e,397,1
secret1ypc03ctcepduxz2uxcrle7gv6scrx8htq70xmu,14,1
secret1ypchu278ksl36d39arje8c8jjr6ad09khmkn7x,50,1
secret1yqsz3gu6nyzwdps0nlrwqs09sq7h2xc5hyxe0t,22,1
secret1yrwnmd27q9e9e0lyzl5fkmsxr7knmynnrgnvsv,18,1
secret1yxzdnhqeha8kyqwxf4dqtgnwkfughszq2clmnq,120,1
secret1yzm3v0uwwvy35g40whda38pvg7426cjq0z6j4f,9,1
secret1z2wudgt5768musr0h7c23a82kk7qd3hn38he0n,10,1
secret1z2zqsxwck0r2vk79szw9ghcxq7hrvq5tk0nf68,20,1
secret1zar2le5gk35wpk3p2m864d4x8zxkn5vch38pmk,13286,1
secret1ze2s86p2ay9llf2t8lxkjvteqnpgpzpqvk0fkp,66,1
secret1zesh8yjajq2vmp6ukgwqgvxa3f2t9xzeekt5d3,5,1
secret1zh3mvp6a4fe6gfy80r0dqewfgp9nwr4q7ump2x,96,1
secret1zh65peadmpdz0xcxtrpl8j6atv8ewy7u2wj959,29,1
secret1zjtce0kvkp4rcyucz7n6c4ur4kdeu7y57lwyxt,5,1
secret1zn5trnsfuqm35wfax6hfzfkhuk7ccwuayn9efd,51,1
secret1zpnng50ttwp6af9nvpfnam67vyej32njs5p92r,96,1
secret1zu4dffd3467uh40u3zptu78flrltmrd4evl0th,96,1
secret1zuy07z42xkzlmce3nc0juw29377l3qulsqm709,131,1
secret1zwx6wl2te6dqn38m6uwnratff7d6zjz40r7vdr,102,1
secret1zxpm9l2tvdg9tnkahgztex82gpleucehnk78az,35,1
sei100snz8vss9gqhchg90mcgzkjaju2k76ykxmnn8,0,1
sei1044ne7ry4rsnjmr0yyj03cegcaptetalqrh2ph,0,1
sei10ealz8l4pn0qeumpe6ms2p4a0k8tjq72gr37pm,0,1
sei10npcz2j0ykp3zntkcyvdxtlh698kc9p3grrffl,0,1
sei10s26j6vf665yasen3xuqmy34rwdwg8k8fvckug,0,1
sei124qnjkz8vmjyhsxmc7w4x36fjlvx2uwuv0y6nm,0,1
sei12832z6acc3we236nwey0hdajtwggl2xeczwx9c,0,1
sei12emvd9huyq5mjl2arsalxfs48jhutlyuvd5v47,0,1
sei12kdp75xn780gn9d79gfecfscy47n64fww306ah,0,1
sei12ngj6msdx7gr7mlns2lcdgjvw34t36zq345xdv,0,1
sei1308wl0s0ywcpmu53rq2zt2zx7z0hy050mrjy6t,0,1
sei139u4p66wemz22fs7vuy3q5gact53dce872agmc,0,1
sei13xu4asey02vfu4q7qqkas9d7986mukptz7l9zj,0,1
sei148wcmse4sdyhuz6rvk3e3f0tva52lwrncgw7le,0,1
sei14ey759yqpzktlrtjzg0rf9zvevxu6ulrs67w24,0,1
sei14q48e2j7qgpaty7w7xtjsf4j2e6fud7syenv9f,0,1
sei14vxu7vsm3hzrcspgqxcmuxsgn4k00mn3cyhlce,0,1
sei15qjjw2xgl7gde0jr7jxe3xzgyd5347454rfje6,0,1
sei1692q9jj3gecgzr2279j5lh4qg6l2l2d9u3844p,0,1
sei174s7r0u9arn4wahfd0632jlkwk2v2e2u24dxht,0,1
sei1768ulaz5dlsl9znqlcyu043mcmxhfyjmm4qr92,0,1
sei177rk874g76zu6px9kc2jj0zh3nrv0vheafthsq,0,1
sei179ydrauxhcl3gknugzsgwc2drf3ujefsc0cq05,0,1
sei18997n6ympctz46ua46fdzmv9m65zf23skkzprh,0,1
sei18fapdjtv2ysxt2g5lp2z686r8crp23qzcsxvz6,0,1
sei18lfq8dznn9dah552rxrdfydpm3w3hw7jw3xjq3,0,1
sei18zzs6hez6fx6e6vh7hnqpegjfrgn4pwvadgufn,0,1
sei192vpg9lsxyhl934fnnwhumar7k267v2yr0uypy,0,1
sei1942pvay72ehyswdv9vxgjxdw6q26lzd9638ynr,0,1
sei19z3dz3vxz67uzxcwh9qkjpdhvtt5dqfzfzxkzl,0,1
sei1a6uw7guqy8sgd8wpmjf55wt5zrhar7d3fgpj7y,0,1
sei1ae2eps4t5huxvrck20fueg4g2x3s0lm687ve8z,0,1
sei1ag66k93c2n9hs6ctsx9qgeggxv0mfl7ms5nqg5,0,1
sei1apfpl5yj0jk4k8jj0wty2rp52pemqp4mtrurnt,0,1
sei1atuvr26p37akarvhs0zwulaqhj9qgdhc6f63n9,0,1
sei1ayhc0xnua6meqftrythm4j0ps69au5ar58a5qv,0,1
sei1camkegk5hfpea79tv2hhttfcelgfnsz4jjgn7f,0,1
sei1clqqqkkqpm27r0qh25lzcllmkaja7wv0uy4qmd,0,1
sei1cwcu4m52a8wj88vp84w0gvp32eaa49h2cqq5jt,0,1
sei1cxx8lt7xrx9wkppwtpgrdpv7zfhty06j0f37tn,0,1
sei1cztsq9tfv6jpscah5deyq954e048mauecqck9u,0,1
sei1d8edxqy9nd9zy4qxnvxkzx62a0wvp9ky0ja3tk,0,1
sei1df7ps3077fpnuwhntcuc6rl94rh3tuh4gf2qxh,0,1
sei1e0kvenyc9ljpkq5lpf279np0lrd4370phch00e,0,1
sei1eh8fzjzpqtuwf4lv07s8ux2u2cgmv5cmzkqee6,0,1
sei1epu8229y72g33z7mrd9dx3zz27r09tjvtw9net,0,1
sei1fjhe0nwq50sqwwmqan54u4jxhlqka4l2qmcdcr,0,1
sei1fkucweyy5w7f3deu2s52p7tx67g0s0kx5h872z,0,1
sei1ggkk0dzez39s5n9r9s6vk89a00teg3yyehzhdr,0,1
sei1gvl4h6834x0rq25x69wak6yeeqwsmk0vpflu78,0,1
sei1gxud9lj2qx38c6ndmj77324xl0yccc67nmuufn,0,1
sei1h6ydtp7a9fye2jhe3zxshhscdrlxgkk6akps08,0,1
sei1h9hlul5qfxpfvrpcvk2jamvnj8rwxfkz7wrwkg,0,1
sei1hjh326h97rkpcn027hwh3taukjlt59y0hqza7p,0,1
sei1hmz7dullhdp5wwlazt3qqptwlx7lwlr76z24a8,0,1
sei1hsahxvyn6t4z4hjc4yekcte6rdupk9t9ul8dd6,0,1
sei1ht2x7nzqy44myv0t5kl3937myxxm5728hkm96c,0,1
sei1j2h7h3qx0avcsmp6arr582khgn7tap9swlr6sy,0,1
sei1jfy85kme6ezg5d2s0vs7khpfwv83elvmwzgjan,0,1
sei1juw7hflw6a69t4enfsuwhamnv3zjx6z2exxhh2,0,1
sei1k2ypyqr8lulv89mphmph6tyshehkyud37fkvcd,0,1
sei1k7qcmv9qx2qqd77727uas73jsadjmh8nzqe73m,0,1
sei1k8x6aqzakcn490z9mt3y2vc0z685xvch6dfrf5,0,1
sei1kh7346p2mqg9jnksx5vstuzfv007fd9xcyru7j,0,1
sei1l7nnxdtcuwk5qjs6fvgzldsy3rtyydq82xq6y2,0,1
sei1lv0mwdv4dzz5ytz8xecuexxxl8h2vk8fn63x89,0,1
sei1m7mjc3uhvze0nyvxmypuda3wv4a966j4jnl8t2,0,1
sei1mg8sz6f4gchkd85zxuqksw66d7gw3gqvay0cdz,0,1
sei1mmm7un0p5vhpmxw3gqftmtl2lkurg25ku5c6z2,0,1
sei1n9mes724n80qp34vw8ufz3zmvkseye3ham7wk8,0,1
sei1nn5fwthfw2gdhvvyk3zynk0gjda8hsf52jwq95,0,1
sei1pf2khst7cd3qywpgr7xppr6m5mhs28yq8qn955,0,1
sei1pj7lpg95q508k5896glhuxp8w94cdnwf0eqpfn,0,1
sei1pmhtyvcq9jknf9mtzq4j4xquf2cc3r80f42m8y,0,1
sei1pypsv7z28y466tw8laqlnz9g73ycylunj8mnxp,0,1
sei1q6930easewgsculwgeevja9zpd232wqwfzgq2j,0,1
sei1qf88wceklrk5ktkpkafrukjza2a4p7zq5jxfyl,0,1
sei1qm53s48hgefu0gy6hrtlltl6ypgwumf4a7jept,0,1
sei1rmfmxffwag6qeqmeqa39jyd8c39ujczucf2tky,0,1
sei1rsl820422e36davkfm9uc98dva6ahlzzmdntlk,0,1
sei1rvsawn42z7extecjcy9nptmfx33gg3hfxh4cjq,0,1
sei1rz4kck9d9u0t46xlhrpurl7a6g0pkaklsyef5l,0,1
sei1s5tfpn3vu99ut0hjal45p3dpva4d9epe0kj0q9,0,1
sei1s8uszltpn9stjj275xtucjlw3eugt7vpp4g8ky,0,1
sei1smjy5rrnt6t6a2hr0rf3ml6hr4hmjezaxh0n54,0,1
sei1t4lz28ecxneuwmp2sljy4qkw5esd4qhmqdh9cz,0,1
sei1t9cerxp47v5r8xajkv4ly39a4z9eja4qgwvy7n,0,1
sei1tk5qhl2x9gjkvsv6jz29s0ufrhhlx40rzmz327,0,1
sei1ua06yth6mkfd83znc8xp6np5mdkhut5quftmra,0,1
sei1vmrkf9hvyrj3vx7ndd6a38vefrsy8pwqwcjmtz,0,1
sei1vpzt72h4975tgd25suy3n7n53jej3cpe25cvs4,0,1
sei1vrwun6dqptrj7pf9662n3h2fkhrzgpdqrh0437,0,1
sei1w0d94z7904t95wf8xxerkrxxdelsptc3ct8dsw,0,1
sei1w5n358qcq797zs44awwkghyyslguhj0la5ddsv,0,1
sei1wqn2l2rae07xeydfv698trw3dtrnljvurze2zh,0,1
sei1wwkg85lm7dnx96pp7ewzsj97h273zq4sganxsv,0,1
sei1x0gmmrzgm6y99j59q40c36jaw8fx33sxtseygy,0,1
sei1x9flslq7n5ydhr2t7tsathfwkf7fwkn6tjxens,0,1
sei1xl9ajqr7rvdd5sj2qkxs8u6fjy9nxgm5athzx6,0,1
sei1y82lw0pgtljldlapwgdtu7qfq3a55uqcqlgqcl,0,1
sei1y8a3l3re82ax399la0lz4yu05q5qerqvca086d,0,1
sei1y9rwah8jspxulp52k4pdph0evmenn05vf74w4s,0,1
sei1yjkldr4v4lau9cy5ds6halvex3f567ldydhwag,0,1
sei1yptzys23crcafllx7zxxdz8xxffs83xyzfs3t6,0,1
sei1z0704ekeral7ssp3ckvunt70gdskyxdece44v4,0,1
sei1z6245ch0lwm9tvskjrwtw863r0ntqkwkg3mt0c,0,1
sei1zdseuyad0wc83pdwwlq6p7slcgp90w5n8tm5g4,0,1
sei1zyys4wusw8ce5w2lsylhjze3ry5dmvnvsquj3w,0,1
umee108t6djm7mvuxwgtm8hrk7vzumue506tvenpqru,582,1
umee13698097t2cgsj9jv44csrku3n895ukfarf6qjv,1520,1
umee1cfqu070jzduxcu7g20xtgmzfmkp87x3l2w7y76,2619,1
umee1kdkkzasnsuuh62ajva6cur6xp2anjd27jemwc8,22,1
umee1wrk0dtqrz4vkvt8re8e6g4uu38pcyqr9uxg0zd,1243,1
umee1z5d9ruxj92qda02uga5mhxd4trwwaw8xswrc98,2000,1
